{
    "name": "find_first_of",
    "parameters": {
        "first1, last1": "C++98C++11\nForward iterators to the initial and final positions of the searched sequence. The range used is [first1,last1), which contains all the elements between first1 and last1, including the element pointed by first1 but not the element pointed by last1.",
        "first2, last2": "Forward iterators to the initial and final positions of the element values to be searched for. The range used is [first2,last2).\nFor (1), the elements in both ranges shall be of types comparable using operator== (with the elements of the first range as left-hand side operands, and those of the second as right-hand side operands).",
        "pred": "Binary function that accepts two elements as arguments (one of each of the two sequences, in the same order), and returns a value convertible to bool. The value returned indicates whether the elements are considered to match in the context of this function.\nThe function shall not modify any of its arguments.\nThis can either be a function pointer or a function object."
    },
    "prototype": "template <class InputIterator, class ForwardIterator>\n   InputIterator find_first_of (InputIterator first1, InputIterator last1,\n                                   ForwardIterator first2, ForwardIterator last2);template <class InputIterator, class ForwardIterator, class BinaryPredicate>\n   InputIterator find_first_of (InputIterator first1, InputIterator last1,\n                                   ForwardIterator first2, ForwardIterator last2,\n                                   BinaryPredicate pred);",
    "return_value": "Return value An iterator to the first element in [first1,last1) that is part of [first2,last2). If no matches are found, the function returns last1. C++98C++11 If [first2,last2) is an empty range, the result is unspecified.",
    "type": "function template"
}