{
    "name": "reverse_copy",
    "parameters": {
        "first, last": "Bidirectional iterators to the initial and final positions of the sequence to be copied. The range used is [first,last), which contains all the elements between first and last, including the element pointed by first but not the element pointed by last.",
        "result": "Output iterator to the initial position of the range where the reversed range is stored.\nThe pointed type shall support being assigned the value of an element in the range [first,last)."
    },
    "prototype": "template <class BidirectionalIterator, class OutputIterator>\n  OutputIterator reverse_copy (BidirectionalIterator first,\n                               BidirectionalIterator last, OutputIterator result);",
    "return_value": "Return value An output iterator pointing to the end of the copied range, which contains the same elements in reverse order.",
    "type": "function template"
}