{
    "name": "copy_n",
    "parameters": {
        "first": "Input iterators to the initial position in a sequence of at least n elements to be copied.\nInputIterator shall point to a type assignable to the elements pointed by OutputIterator.",
        "n": "Number of elements to copy.\nIf this value is negative, the function does nothing.\nSize shall be (convertible to) an integral type.",
        "result": "Output iterator to the initial position in the destination sequence of at least n elements.\nThis shall not point to any element in the range [first,last)."
    },
    "prototype": "template <class InputIterator, class Size, class OutputIterator>\n  OutputIterator copy_n (InputIterator first, Size n, OutputIterator result);",
    "return_value": "Return value An iterator to the end of the destination range where elements have been copied.",
    "type": "function template"
}