{
    "name": "find",
    "parameters": {
        "first, last": "Input iterators to the initial and final positions in a sequence. The range searched is [first,last), which contains all the elements between first and last, including the element pointed by first but not the element pointed by last.",
        "val": "Value to search for in the range.\nT shall be a type supporting comparisons with the elements pointed by InputIterator using operator== (with the elements as left-hand side operands, and val as right-hand side)."
    },
    "prototype": "template <class InputIterator, class T>\n   InputIterator find (InputIterator first, InputIterator last, const T& val);",
    "return_value": "Return value An iterator to the first element in the range that compares equal to val. If no elements match, the function returns last.",
    "type": "function template"
}