{
    "name": "equal",
    "parameters": {
        "first1, last1": "Input iterators to the initial and final positions of the first sequence. The range used is [first1,last1), which contains all the elements between first1 and last1, including the element pointed by first1 but not the element pointed by last1.",
        "first2": "Input iterator to the initial position of the second sequence. The comparison includes up to as many elements of this sequence as those in the range [first1,last1).",
        "pred": "Binary function that accepts two elements as argument (one of each of the two sequences, in the same order), and returns a value convertible to bool. The value returned indicates whether the elements are considered to match in the context of this function.\nThe function shall not modify any of its arguments.\nThis can either be a function pointer or a function object."
    },
    "prototype": "template <class InputIterator1, class InputIterator2>\n  bool equal (InputIterator1 first1, InputIterator1 last1,\n              InputIterator2 first2);template <class InputIterator1, class InputIterator2, class BinaryPredicate>\n  bool equal (InputIterator1 first1, InputIterator1 last1,\n              InputIterator2 first2, BinaryPredicate pred);",
    "return_value": "Return value true if all the elements in the range [first1,last1) compare equal to those of the range starting at first2, and false otherwise.",
    "type": "function template"
}