{
    "name": "is_heap",
    "parameters": {
        "comp": "Binary function that accepts two elements in the range as arguments, and returns a value convertible to bool. The value returned indicates whether the element passed as first argument is considered to go before the second in the specific strict weak ordering it defines.\nThe function shall not modify any of its arguments.\nThis can either be a function pointer or a function object.",
        "first, last": "RandomAccess iterators to the initial and final positions of the sequence. The range checked is [first,last), which contains all the elements between first and last, including the element pointed by first but not the element pointed by last."
    },
    "prototype": "template <class RandomAccessIterator>\n  bool is_heap (RandomAccessIterator first, RandomAccessIterator last);template <class RandomAccessIterator, class Compare>\n  bool is_heap (RandomAccessIterator first, RandomAccessIterator last,\n                Compare comp);",
    "return_value": "Return value true if the range [first,last) is a heap (as if constructed with make_heap), false otherwise.  If the range [first,last) contains less than two elements, the function always returns true.",
    "type": "function template"
}