{
    "name": "mismatch",
    "parameters": {
        "first1, last1": "Input iterators to the initial and final positions of the first sequence. The range used is [first1,last1), which contains all the elements between first1 and last1, including the element pointed by first1 but not the element pointed by last1.",
        "first2": "Input iterator to the initial position of the second sequence. Up to as many elements as in the range [first1,last1) can be accessed by the function.",
        "pred": "Binary function that accepts two elements as argument (one of each of the two sequences, in the same order), and returns a value convertible to bool. The value returned indicates whether the elements are considered to match in the context of this function.\nThe function shall not modify any of its arguments.\nThis can either be a function pointer or a function object."
    },
    "prototype": "template <class InputIterator1, class InputIterator2>\n  pair<InputIterator1, InputIterator2>\n    mismatch (InputIterator1 first1, InputIterator1 last1,\n              InputIterator2 first2);template <class InputIterator1, class InputIterator2, class BinaryPredicate>\n  pair<InputIterator1, InputIterator2>\n    mismatch (InputIterator1 first1, InputIterator1 last1,\n              InputIterator2 first2, BinaryPredicate pred);",
    "return_value": "Return value A pair, where its members first and second point to the first element in both sequences that did not compare equal to each other. If the elements compared in both sequences have all matched, the function returns a pair with first set to last1 and second set to the element in that same relative position in the second sequence. If none matched, it returns make_pair(first1,first2).",
    "type": "function template"
}