{
    "name": "set_difference",
    "parameters": {
        "comp": "Binary function that accepts two arguments of the types pointed by the input iterators, and returns a value convertible to bool. The value returned indicates whether the first argument is considered to go before the second in the specific strict weak ordering it defines.\nThe function shall not modify any of its arguments.\nThis can either be a function pointer or a function object.",
        "first1, last1": "Input iterators to the initial and final positions of the first sorted sequence. The range used is [first1,last1), which contains all the elements between first1 and last1, including the element pointed by first1 but not the element pointed by last1.",
        "first2, last2": "Input iterators to the initial and final positions of the second sorted sequence. The range used is [first2,last2).",
        "result": "Output iterator to the initial position of the range where the resulting sequence is stored.\nThe pointed type shall support being assigned the value of an element from the first range."
    },
    "prototype": "template <class InputIterator1, class InputIterator2, class OutputIterator>\n  OutputIterator set_difference (InputIterator1 first1, InputIterator1 last1,\n                                 InputIterator2 first2, InputIterator2 last2,\n                                 OutputIterator result);template <class InputIterator1, class InputIterator2,\n          class OutputIterator, class Compare>\n  OutputIterator set_difference (InputIterator1 first1, InputIterator1 last1,\n                                 InputIterator2 first2, InputIterator2 last2,\n                                 OutputIterator result, Compare comp);",
    "return_value": "Return value An iterator to the end of the constructed range.",
    "type": "function template"
}