{
    "name": "swap_ranges",
    "parameters": {
        "first1, last1": "Forward iterators to the initial and final positions in one of the sequences to be swapped. The range used is [first1,last1), which contains all the elements between first1 and last1, including the element pointed by first1 but not the element pointed by last1.",
        "first2": "Forward iterator to the initial position in the other sequence to be swapped. The range used includes the same number of elements as the range [first1,last1).\nThe two ranges shall not overlap."
    },
    "prototype": "template <class ForwardIterator1, class ForwardIterator2>\n  ForwardIterator2 swap_ranges (ForwardIterator1 first1, ForwardIterator1 last1,\n                                ForwardIterator2 first2);",
    "return_value": "Return value An iterator to the last element swapped in the second sequence.",
    "type": "function template"
}