{
    "name": "partition_point",
    "parameters": {
        "first, last": "Forward iterators to the initial and final positions of the partitioned sequence. The range checked is [first,last), which contains all the elements between first and last, including the element pointed by first but not the element pointed by last.",
        "pred": "Unary function that accepts an element in the range as argument, and returns a value convertible to bool. The value returned indicates whether the element goes before the partition point (if true, it goes before; if false goes at or after it).\nThe function shall not modify its argument.\nThis can either be a function pointer or a function object."
    },
    "prototype": "template <class ForwardIterator, class UnaryPredicate>\n  ForwardIterator partition_point (ForwardIterator first, ForwardIterator last,\n                                   UnaryPredicate pred);",
    "return_value": "Return value An iterator to the first element in the partitioned range [first,last) for which pred is not true, or last if it is not true for any element.",
    "type": "function template"
}