{
    "name": "transform",
    "parameters": {
        "binary_op": "Binary function that accepts two elements as argument (one of each of the two sequences), and returns some result value convertible to the type pointed to by OutputIterator.\nThis can either be a function pointer or a function object.",
        "first1, last1": "Input iterators to the initial and final positions of the first sequence. The range used is [first1,last1), which contains all the elements between first1 and last1, including the element pointed to by first1 but not the element pointed to by last1.",
        "first2": "Input iterator to the initial position of the second range. The range includes as many elements as [first1,last1).",
        "op": "Unary function that accepts one element of the type pointed to by InputIterator as argument, and returns some result value convertible to the type pointed to by OutputIterator.\nThis can either be a function pointer or a function object.",
        "result": "Output iterator to the initial position of the range where the operation results are stored. The range includes as many elements as [first1,last1)."
    },
    "prototype": "template <class InputIterator, class OutputIterator, class UnaryOperation>\n  OutputIterator transform (InputIterator first1, InputIterator last1,\n                            OutputIterator result, UnaryOperation op);template <class InputIterator1, class InputIterator2,\n          class OutputIterator, class BinaryOperation>\n  OutputIterator transform (InputIterator1 first1, InputIterator1 last1,\n                            InputIterator2 first2, OutputIterator result,\n                            BinaryOperation binary_op);",
    "return_value": "Return value An iterator pointing to the element that follows the last element written in the result sequence.",
    "type": "function template"
}