{
    "name": "push_heap",
    "parameters": {
        "comp": "Binary function that accepts two elements in the range as arguments, and returns a value convertible to bool. The value returned indicates whether the element passed as first argument is considered to be less than the second in the specific strict weak ordering it defines.\nUnless [first,last) is an empty or one-element heap, this argument shall be the same as used to construct the heap.\nThe function shall not modify any of its arguments.\nThis can either be a function pointer or a function object.",
        "first, last": "Random-access iterators to the initial and final positions of the new heap range, including the pushed element. The range used is [first,last), which contains all the elements between first and last, including the element pointed by first but not the element pointed by last."
    },
    "prototype": "template <class RandomAccessIterator>\n  void push_heap (RandomAccessIterator first, RandomAccessIterator last);template <class RandomAccessIterator, class Compare>\n  void push_heap (RandomAccessIterator first, RandomAccessIterator last,\n                   Compare comp);",
    "return_value": "Return value none",
    "type": "function template"
}