{
    "name": "lower_bound",
    "parameters": {
        "comp": "Binary function that accepts two arguments (the first of the type pointed by ForwardIterator, and the second, always val), and returns a value convertible to bool. The value returned indicates whether the first argument is considered to go before the second.\nThe function shall not modify any of its arguments.\nThis can either be a function pointer or a function object.",
        "first, last": "Forward iterators to the initial and final positions of a sorted (or properly partitioned) sequence. The range used is [first,last), which contains all the elements between first and last, including the element pointed by first but not the element pointed by last.",
        "val": "Value of the lower bound to search for in the range.\nFor (1), T shall be a type supporting being compared with elements of the range [first,last) as the right-hand side operand of operator<."
    },
    "prototype": "template <class ForwardIterator, class T>\n  ForwardIterator lower_bound (ForwardIterator first, ForwardIterator last,\n                               const T& val);template <class ForwardIterator, class T, class Compare>\n  ForwardIterator lower_bound (ForwardIterator first, ForwardIterator last,\n                               const T& val, Compare comp);",
    "return_value": "Return value An iterator to the lower bound of val in the range. If all the element in the range compare less than val, the function returns last.",
    "type": "function template"
}