{
    "name": "atomic_fetch_sub",
    "parameters": {
        "obj": "Pointer to an atomic object that contains either an integral or a pointer value.\nType A represents other overloaded atomic types (in case the library does not implement the C-style atomic types as instantiations of atomic).",
        "val": "Value to subtract.\nT is the type of the value contained by the atomic object (atomic's template parameter).\nptrdiff_t is a signed integral type.\nM is T if T is an integral type, or ptrdiff_t if T is a pointer."
    },
    "prototype": "template <class T> T atomic_fetch_sub (volatile atomic<T>* obj, T val) noexcept;\ntemplate <class T> T atomic_fetch_sub (atomic<T>* obj, T val) noexcept;template <class U> U* atomic_fetch_sub (volatile atomic<U*>* obj, ptrdiff_t val) noexcept;\ntemplate <class U> U* atomic_fetch_sub (atomic<U*>* obj, ptrdiff_t val) noexcept;T atomic_fetch_sub (volatile A* obj, M val) noexcept;\nT atomic_fetch_sub (A* obj, M val) noexcept;",
    "return_value": "Return value The contained value before the call. T (or U*) is the type of the value contained by the atomic object (atomic's template parameter).",
    "type": "function"
}