{
    "name": "atomic_fetch_and",
    "parameters": {
        "obj": "Pointer to an atomic object that contains an integral value.\nType A represents other overloaded atomic types (in case the library does not implement the C-style atomic types as instantiations of atomic).",
        "val": "Value to apply.\nT is the integral type of the value contained by the atomic object (atomic's template parameter)."
    },
    "prototype": "template <class T> T atomic_fetch_and (volatile atomic<T>* obj, T val) noexcept;\ntemplate <class T> T atomic_fetch_and (atomic<T>* obj, T val) noexcept;T atomic_fetch_and (volatile A* obj, T val) noexcept;\nT atomic_fetch_and (A* obj, T val) noexcept;",
    "return_value": "Return value The contained value before the call. T is the integral type of the value contained by the atomic object (atomic's template parameter).",
    "type": "function"
}