{
    "name": "atomic_fetch_xor_explicit",
    "parameters": {
        "obj": "Pointer to an atomic object that contains an integral value.\nType A represents other overloaded atomic types (in case the library does not implement the C-style atomic types as instantiations of atomic).",
        "sync": "Synchronization mode for the operation.\nThis shall be one of the values of the enum type memory_order.",
        "val": "Value to apply.\nT is the integral type of the value contained by the atomic object (atomic's template parameter)."
    },
    "prototype": "template <class T>\nT atomic_fetch_xor_explicit (volatile atomic<T>* obj,\n                             T val, memory_order sync) noexcept;\ntemplate <class T>\nT atomic_fetch_xor_explicit (atomic<T>* obj,\n                             T val, memory_order sync) noexcept;T atomic_fetch_xor_explicit (volatile A* obj, T val, memory_order sync) noexcept;\nT atomic_fetch_xor_explicit (A* obj, T val, memory_order sync) noexcept;",
    "return_value": "Return value The contained value before the call. T is the integral type of the value contained by the atomic object (atomic's template parameter).",
    "type": "function"
}