{
    "name": "atomic_exchange_explicit",
    "parameters": {
        "obj": "Pointer to an atomic object.\nType A represents other overloaded atomic types (if the library does not implement the C-style atomic types as instantiations of atomic).",
        "sync": "Synchronization mode for the operation.\nThis shall be a values of the enum type memory_order.",
        "val": "Value to assign to the contained object.\nT is the type of the value contained in the atomic object (atomic's template parameter)."
    },
    "prototype": "template <class T>\nT atomic_store_explicit (volatile atomic<T>* obj, T val, memory_order sync) noexcept;\ntemplate <class T>\nT atomic_store_explicit (atomic<T>* obj, T val, memory_order sync) noexcept;T atomic_store_explicit (volatile A* obj, T val, memory_order sync) noexcept;\nT atomic_store_explicit (A* obj, T val, memory_order sync) noexcept;",
    "return_value": "Return value The value contained in obj before the call. T is the type of the contained value (atomic's template parameter).",
    "type": "function"
}