{
    "name": "remainder",
    "parameters": {
        "denom": "Value of the quotient denominator.",
        "numer": "Value of the quotient numerator."
    },
    "prototype": [
        "double remainder (double numer     , double denom);\n      float remainder (float numer      , float denom);\nlong double remainder (long double numer, long double denom);\n     double remainder (Type1 numer      , Type2 denom)",
        "      // additional overloads"
    ],
    "return_value": "The remainder of dividing the arguments. If this remainder is zero, its sign shall be that of numer. If denom is zero, the function may either return zero or cause a domain error (depending on the library implementation).  If a domain error occurs: - And math_errhandling has MATH_ERRNO set: the global variable errno is set to EDOM. - And math_errhandling has MATH_ERREXCEPT set: FE_INVALID is raised.",
    "type": "function"
}