{
    "name": "sqrt",
    "parameters": {
        "x": "Value whose square root is computed.\nIf the argument is negative, a domain error occurs."
    },
    "prototype": [
        "double sqrt (double x);\n      float sqrt (float x);\nlong double sqrt (long double x);\n     double sqrt (T x)",
        "          // additional overloads for integral types"
    ],
    "return_value": "Square root of x. If x is negative, a domain error occurs:  C90 (C++98)C99 (C+11) If a domain error occurs, the global variable errno is set to EDOM.",
    "type": "function"
}