{
    "name": "nexttoward",
    "parameters": {
        "x": "Base value.",
        "y": "Value toward which the return value is approximated."
    },
    "prototype": [
        "double nexttoward (double x     , long double y);\n      float nexttoward (float x      , long double y);\nlong double nexttoward (long double x, long double y);\n     double nexttoward (T x          , long double y)",
        " // additional overloads"
    ],
    "return_value": "The next representable value after x in the direction of y.  If x is the largest finite value representable in the type, and the result is infinite or not representable, an overflow range error occurs.  If an overflow range error occurs: - And math_errhandling has MATH_ERRNO set: the global variable errno is set to ERANGE. - And math_errhandling has MATH_ERREXCEPT set: FE_OVERFLOW is raised.",
    "type": "function"
}