{
    "name": "logb",
    "parameters": {
        "x": "Value whose logarithm is calculated."
    },
    "prototype": [
        "double logb (double x);\n      float logb (float x);\nlong double logb (long double x);\n     double logb (T x)",
        "          // additional overloads for integral types"
    ],
    "return_value": "The base-FLT_RADIX logarithm of x. If x is zero it may cause a domain error or a pole error (or no error, depending on the library implementation).  If an domain error occurs: - And math_errhandling has MATH_ERRNO set: the global variable errno is set to EDOM. - And math_errhandling has MATH_ERREXCEPT set: FE_INVALID is raised.  If a pole error occurs: - And math_errhandling has MATH_ERRNO set: the global variable errno is set to ERANGE. - And math_errhandling has MATH_ERREXCEPT set: FE_DIVBYZERO is raised.",
    "type": "function"
}