{
    "name": "atoi",
    "parameters": {
        "str": "C-string beginning with the representation of an integral number."
    },
    "prototype": "int atoi (const char * str);",
    "return_value": "On success, the function returns the converted integral number as an int value. If the converted value would be out of the range of representable values by an int, it causes undefined behavior. See strtol for a more robust cross-platform alternative when this is a possibility.",
    "type": "function"
}