{
    "name": "fread",
    "parameters": {
        "count": "Number of elements, each one with a size of size bytes.\nsize_t is an unsigned integral type.",
        "ptr": "Pointer to a block of memory with a size of at least (size*count) bytes, converted to a void*.",
        "size": "Size, in bytes, of each element to be read.\nsize_t is an unsigned integral type.",
        "stream": "Pointer to a FILE object that specifies an input stream."
    },
    "prototype": "size_t fread ( void * ptr, size_t size, size_t count, FILE * stream );",
    "return_value": "The total number of elements successfully read is returned. If this number differs from the count parameter, either a reading error occurred or the end-of-file was reached while reading. In both cases, the proper indicator is set, which can be checked with ferror and feof, respectively. If either size or count is zero, the function returns zero and both the stream state and the content pointed by ptr remain unchanged. size_t is an unsigned integral type.",
    "type": "function"
}