{
    "name": "memmove",
    "parameters": {
        "destination": "Pointer to the destination array where the content is to be copied, type-casted to a pointer of type void*.",
        "num": "Number of bytes to copy.\nsize_t is an unsigned integral type.",
        "source": "Pointer to the source of data to be copied, type-casted to a pointer of type const void*."
    },
    "prototype": "void * memmove ( void * destination, const void * source, size_t num );",
    "return_value": "destination is returned.",
    "type": "function"
}