{
    "name": "va_arg",
    "parameters": {
        "ap": "Object of type va_list carrying information about the current retrieval state of a variable argument list. This object shall have been initialized by an initial call to va_start or va_copy and not have been released with va_end.",
        "type": "A type name. This type name is used as the type of the expression this macro expands to (i.e., its return type). \nFor a type expression to be suitable for its use with va_arg, it must be such that type* produces a pointer to type.\nThe type shall be compatible with type of the extracted argument (as promoted according to the default argument promotions), or one be the unsigned version of the other, or one be a void pointer and the other some other pointer type."
    },
    "prototype": "type va_arg (va_list ap, type)",
    "return_value": "Returns the current additional argument as an expression of type type.",
    "type": "macro"
}