{
    "name": "strtoll",
    "parameters": {
        "base": "Numerical base (radix) that determines the valid characters and their interpretation.\nIf this is 0, the base used is determined by the format in the sequence (see strtol for details).",
        "endptr": "Reference to an object of type char*, whose value is set by the function to the next character in str after the numerical value.\nThis parameter can also be a null pointer, in which case it is not used.",
        "str": "C-string beginning with the representation of an integral number."
    },
    "prototype": "long long int strtoll (const char* str, char** endptr, int base);",
    "return_value": "On success, the function returns the converted integral number as a long long int value. If no valid conversion could be performed, a zero value is returned (0LL). If the value read is out of the range of representable values by a long long int, the function returns LLONG_MAX or LLONG_MIN (defined in ), and errno is set to ERANGE.",
    "type": "function"
}