{
    "name": "strtoul",
    "parameters": {
        "base": "Numerical base (radix) that determines the valid characters and their interpretation.\nIf this is 0, the base used is determined by the format in the sequence (see strtol for details).",
        "endptr": "Reference to an object of type char*, whose value is set by the function to the next character in str after the numerical value.\nThis parameter can also be a null pointer, in which case it is not used.",
        "str": "C-string containing the representation of an integral number."
    },
    "prototype": "unsigned long int strtoul (const char* str, char** endptr, int base);",
    "return_value": "On success, the function returns the converted integral number as an unsigned long int value. If no valid conversion could be performed, a zero value is returned. If the value read is out of the range of representable values by an unsigned long int, the function returns ULONG_MAX (defined in ), and errno is set to ERANGE.",
    "type": "function"
}