{
    "name": "fscanf",
    "parameters": {
        "... (additional arguments)": "Depending on the format string, the function may expect a sequence of additional arguments, each containing a pointer to allocated storage where the interpretation of the extracted characters is stored with the appropriate type.\nThere should be at least as many of these arguments as the number of values stored by the format specifiers. Additional arguments are ignored by the function.\nThese arguments are expected to be pointers: to store the result of a fscanf operation on a regular variable, its name should be preceded by the reference operator (&) (see example).",
        "format": "C string that contains a sequence of characters that control how characters extracted from the stream are treated:\nWhitespace character: the function will read and ignore any whitespace characters encountered before the next non-whitespace character (whitespace characters include spaces, newline and tab characters -- see isspace). A single whitespace in the format string validates any quantity of whitespace characters extracted from the stream (including none).\nNon-whitespace character, except format specifier (%): Any character that is not either a whitespace character (blank, newline or tab) or part of a format specifier (which begin with a % character) causes the function to read the next character from the stream, compare it to this non-whitespace character and if it matches, it is discarded and the function continues with the next character of format. If the character does not match, the function fails, returning and leaving subsequent characters of the stream unread.\nFormat specifiers: A sequence formed by an initial percentage sign (%) indicates a format specifier, which is used to specify the type and format of the data to be retrieved from the stream and stored into the locations pointed by the additional arguments.\n\nA format specifier for fscanf follows this prototype:\n\n%[*][width][length]specifier \n\nWhere the specifier character at the end is the most significant component, since it defines which characters are extracted, their interpretation and the type of its corresponding argument:\nspecifier\tDescription\tCharacters extracted\ni, u\tInteger\tAny number of digits, optionally preceded by a sign (+ or -).\nDecimal digits assumed by default (0-9), but a 0 prefix introduces octal digits (0-7), and 0x hexadecimal digits (0-f).\nd\tDecimal integer\tAny number of decimal digits (0-9), optionally preceded by a sign (+ or -).\no\tOctal integer\tAny number of octal digits (0-7), optionally preceded by a sign (+ or -).\nx\tHexadecimal integer\tAny number of hexadecimal digits (0-9, a-f, A-F), optionally preceded by 0x or 0X, and all optionally preceded by a sign (+ or -).\nf, e, g\tFloating point number\tA series of decimal digits, optionally containing a decimal point, optionally preceeded by a sign (+ or -) and optionally followed by the e or E character and a decimal integer (or some of the other sequences supported by strtod).\nImplementations complying with C99 also support hexadecimal floating-point format when preceded by 0x or 0X.\na\nc\tCharacter\tThe next character. If a width other than 1 is specified, the function reads exactly width characters and stores them in the successive locations of the array passed as argument. No null character is appended at the end.\ns\tString of characters\tAny number of non-whitespace characters, stopping at the first whitespace character found. A terminating null character is automatically added at the end of the stored sequence.\np\tPointer address\tA sequence of characters representing a pointer. The particular format used depends on the system and library implementation, but it is the same as the one used to format %p in fprintf.\n[characters]\tScanset\tAny number of the characters specified between the brackets.\nA dash (-) that is not the first character may produce non-portable behavior in some library implementations.\n[^characters]\tNegated scanset\tAny number of characters none of them specified as characters between the brackets.\nn\tCount\tNo input is consumed.\nThe number of characters read so far from stream is stored in the pointed location.\n%\t%\tA % followed by another % matches a single %.\nExcept for n, at least one character shall be consumed by any specifier. Otherwise the match fails, and the scan ends there.\n\nThe format specifier can also contain sub-specifiers: asterisk (*), width and length (in that order), which are optional and follow these specifications:\nsub-specifier\tdescription\n*\tAn optional starting asterisk indicates that the data is to be read from the stream but ignored (i.e. it is not stored in the location pointed by an argument).\nwidth\tSpecifies the maximum number of characters to be read in the current reading operation (optional).\nlength\tOne of hh, h, l, ll, j, z, t, L (optional).\nThis alters the expected type of the storage pointed by the corresponding argument (see below).\n\nThis is a chart showing the types expected for the corresponding arguments where input is stored (both with and without a length sub-specifier):\nspecifiers\nlength\td i\tu o x\tf e g a\tc s [] [^]\tp\tn\n(none)\tint*\tunsigned int*\tfloat*\tchar*\tvoid**\tint*\nhh\tsigned char*\tunsigned char*\t\t\t\tsigned char*\nh\tshort int*\tunsigned short int*\t\t\t\tshort int*\nl\tlong int*\tunsigned long int*\tdouble*\twchar_t*\t\tlong int*\nll\tlong long int*\tunsigned long long int*\t\t\t\tlong long int*\nj\tintmax_t*\tuintmax_t*\t\t\t\tintmax_t*\nz\tsize_t*\tsize_t*\t\t\t\tsize_t*\nt\tptrdiff_t*\tptrdiff_t*\t\t\t\tptrdiff_t*\nL\t\t\tlong double*\t\t\t\nNote: Yellow rows indicate specifiers and sub-specifiers introduced by C99.",
        "stream": "Pointer to a FILE object that identifies the input stream to read data from."
    },
    "prototype": "int fscanf ( FILE * stream, const char * format, ... );",
    "return_value": "On success, the function returns the number of items of the argument list successfully filled. This count can match the expected number of items or be less (even zero) due to a matching failure, a reading error, or the reach of the end-of-file.  If a reading error happens or the end-of-file is reached while reading, the proper indicator is set (feof or ferror). And, if either happens before any data could be successfully read, EOF is returned.  If an encoding error happens interpreting wide characters, the function sets errno to EILSEQ.",
    "type": "function"
}