{
    "name": "vfwscanf",
    "parameters": {
        "arg": "A value identifying a variable arguments list initialized with va_start.\nva_list is a special type defined in .",
        "format": "C wide string that contains a format string that follows the same specifications as format in scanf (see scanf for details).\nNotice though, that all format specifiers have the same meaning as in scanf; therefore, %lc shall be used to read a wide character (and not %c), as well as %ls shall be used for wide strings (and not %s).",
        "stream": "Pointer to a FILE object that identifies an input stream.\nThe stream shall not have an orientation yet, or be wide-oriented (the first i/o operation on a stream determines whether it is byte- or wide- oriented, see fwide)."
    },
    "prototype": "int vfwscanf (FILE* stream, const wchar_t* format, va_list arg);",
    "return_value": "On success, the function returns the number of items of the argument list successfully filled. This count can match the expected number of items or be less (even zero) due to a matching failure, a reading error, or the reach of the end-of-file.  If a reading error happens or the end-of-file is reached while reading, the proper indicator is set (feof or ferror). And, if either happens before any data could be successfully read, EOF is returned.  If an encoding error happens interpreting wide characters, the function sets errno to EILSEQ.",
    "type": "function"
}