{
    "name": "wcsncmp",
    "parameters": {
        "num": "Maximum number of characters to compare.\nsize_t is an unsigned integral type.",
        "wcs1": "C wide string to be compared.",
        "wcs2": "C wide string to be compared."
    },
    "prototype": "int wcsncmp (const wchar_t* wcs1, const wchar_t* wcs2, size_t num);",
    "return_value": "Returns an integral value indicating the relationship between the wide strings: A zero value indicates that the characters compared in both strings form the same string. A value greater than zero indicates that the first character that does not match has a greater value in wcs1 than in wcs2; And a value less than zero indicates the opposite.",
    "type": "function"
}