{
    "name": "fputwc",
    "parameters": {
        "stream": "Pointer to a FILE object that identifies an output stream.\nThe stream shall not have an orientation yet, or be wide-oriented (the first i/o operation on a stream determines whether it is byte- or wide- oriented, see fwide).",
        "wc": "The wide character to write."
    },
    "prototype": "wint_t fputwc (wchar_t wc, FILE * stream);",
    "return_value": "On success, the character written is returned (wc promoted to a value of type wint_t). The return type is wint_t to accommodate for the special value WEOF, which indicates failure: If the wide character could not be interpreted as a valid multibyte character, the function returns WEOF and sets errno to EILSEQ. If a writing error occurs, the function also returns WEOF and the error indicator (ferror) is set.",
    "type": "function"
}