{
    "name": "vfwprintf",
    "parameters": {
        "arg": "A value identifying a variable arguments list initialized with va_start.\nva_list is a special type defined in .",
        "format": "C wide string that contains a format string that follows the same specifications as format in printf (see printf for details).\nNotice that all format specifiers have the same meaning as in printf; therefore, %lc shall be used to write a wide character (and not %c), as well as %ls shall be used for wide strings (and not %s).",
        "stream": "Pointer to a FILE object that identifies an output stream.\nThe stream shall not have an orientation yet, or be wide-oriented (the first i/o operation on a stream determines whether it is byte- or wide- oriented, see fwide)."
    },
    "prototype": "int vfwprintf (FILE* stream, const wchar_t* format, va_list arg);",
    "return_value": "On success, the total number of characters written is returned.  If a writing error occurs, the error indicator (ferror) is set and a negative number is returned.  If a multibyte character encoding error occurs while writing wide characters, errno is set to EILSEQ and a negative number is returned.",
    "type": "function"
}