{
    "name": "wcspbrk",
    "parameters": {
        "wcs1": "C wide string to be scanned.",
        "wcs2": "C wide string containing the characters to match."
    },
    "prototype": "const wchar_t* wcspbrk (const wchar_t* wcs1, const wchar_t* wcs2);\n      wchar_t* wcspbrk (      wchar_t* wcs1, const wchar_t* wcs2);",
    "return_value": "A pointer to the first occurrence in wcs1 of any of the wide characters that are part of wcs2, or a null pointer if none of the characters of wcs2 is found in wcs1 before the terminating null wide character. If none of the characters of wcs2 is present in wcs1, a null pointer is returned.",
    "type": "function"
}