{
    "name": "wmemcmp",
    "parameters": {
        "num": "Number of elemtns of type wchar_t to compare.",
        "ptr1": "Pointer to block of elements of type wchar_t.",
        "ptr2": "Pointer to block of elements of type wchar_t."
    },
    "prototype": "int wmemcmp (const wchar_t* ptr1, const wchar_t* ptr2, size_t num);",
    "return_value": "Returns an integral value indicating the relationship between the content of the blocks: A zero value indicates that the contents of both memory blocks are equal. A value greater than zero indicates that the first wide character that does not match in both memory blocks has a greater value in ptr1 than in ptr2; And a value less than zero indicates the opposite.",
    "type": "function"
}