{
    "name": "wcsxfrm",
    "parameters": {
        "destination": "Pointer to the destination array where the content is to be copied.\nIt can be a null pointer if the argument for num is zero.",
        "num": "Maximum number of characters to be copied to destination.\nsize_t is an unsigned integral type.",
        "source": "C wide string to be transformed."
    },
    "prototype": "size_t wcsxfrm (wchar_t* destination, const wchar_t* source, size_t num);",
    "return_value": "The length of the transformed wide string, not including the terminating null wide character. size_t is an unsigned integral type.",
    "type": "function"
}