{
    "name": "next",
    "parameters": {
        "it": "Iterator to base position.\nForwardIterator shall be at least a forward iterator.",
        "n": "Number of element positions offset (1 by default).\nThis shall only be negative for random-access and bidirectional iterators.\ndifference_type is the numerical type that represents distances between iterators of the ForwardIterator type."
    },
    "prototype": "template <class ForwardIterator>\n  ForwardIterator next (ForwardIterator it,\n       typename iterator_traits<ForwardIterator>::difference_type n = 1);",
    "return_value": "Return value An iterator to the element n positions away from it.",
    "type": "function template"
}