{
    "name": "undeclare_no_pointers",
    "parameters": {
        "n": "The length, expressed in bytes, of the range.\nThis shall be the same value passed to a previous call to declare_pointers.\nsize_t is an unsigned integral type.",
        "p": "Pointer to the first byte of the range.\nThis shall be the same value passed to a previous call to declare_pointers."
    },
    "prototype": "void undeclare_no_pointers (char* p, size_t n);",
    "return_value": "Return value none  This function throws no exceptions.",
    "type": "function"
}