{
    "name": "set_new_handler",
    "parameters": {
        "new_p": "Function that takes no arguments and returns no value (void).\nThe function can make more storage available, or throw an exception, or terminate the program.\nIf this is a null-pointer, the new-handler function is reset to none (and bad_alloc is thrown instead).\nnew_handler is a function pointer type for functions that take no arguments and return no value."
    },
    "prototype": "new_handler set_new_handler (new_handler new_p) noexcept;",
    "return_value": "Return value The value of the current new-handler function if this has already been set by this function previously, or a null-pointer if this is the first call to set_new_handler (or if it was reset by a previous call).  new_handler is a function pointer type taking no arguments and returning no value.",
    "type": "function"
}