{
    "name": "operator delete",
    "parameters": {
        "nothrow_constant": "The constant nothrow. This parameter is ignored in the default definition.\nnothrow_t is the type of constant nothrow.",
        "ptr": "A pointer to the memory block to be released, type-casted to a void*.\nIf this is a null-pointer, the function does nothing.\nC++98C++11\nIf not null, this pointer value should have been returned by a previous call to operator new, and have not yet been released by a previous call to this function.",
        "size": "The first argument passed to the allocation function when the memory block was allocated.\nstd::size_t is an unsigned integral type.",
        "voidptr2": "A void pointer. The value is ignored in the default definition."
    },
    "prototype": "void operator delete (void* ptr) noexcept;void operator delete (void* ptr, const std::nothrow_t& nothrow_constant) noexcept;void operator delete (void* ptr, void* voidptr2) noexcept;void operator delete (void* ptr, std::size_t size) noexcept;void operator delete (void* ptr, std::size_t size,\n                      const std::nothrow_t& nothrow_constant) noexcept;",
    "return_value": "Return value none",
    "type": "function"
}