{
    "name": "iota",
    "parameters": {
        "first, last": "Forward iterators to the initial and final positions of the sequence to be written. The range used is [first,last), which contains all the elements between first and last, including the element pointed by first but not the element pointed by last.",
        "val": "Initial value for the accumulator."
    },
    "prototype": "template <class ForwardIterator, class T>\n  void iota (ForwardIterator first, ForwardIterator last, T val);",
    "return_value": "Return value none",
    "type": "function template"
}