{
    "name": "regex_search",
    "parameters": {
        "first, last": "Bidirectional iterators to the initial and final positions in the range of characters used as target sequence for the search. The range used is [first,last), which includes all the characters between first and last, including the character pointed by first but not the character pointed by last.\nThe function template type can be any type of bidirectional iterator to characters.",
        "flags": "Flags used to control how rgx is matched.\nOne or more of these constants can be combined (using the bitwise OR operator, |) to form a valid bitmask value of type regex_constants::match_flag_type:\nflag*\teffects on match\tnotes\nmatch_default\tDefault\tDefault matching behavior.\nThis constant has a value of zero**.\nmatch_not_bol\tNot Beginning-Of-Line\tThe first character is not considered a beginning of line (\"^\" does not match).\nmatch_not_eol\tNot End-Of-Line\tThe last character is not considered an end of line (\"$\" does not match).\nmatch_not_bow\tNot Beginning-Of-Word\tThe escape sequence \"\\b\" does not match as a beginning-of-word.\nmatch_not_eow\tNot End-Of-Word\tThe escape sequence \"\\b\" does not match as an end-of-word.\nmatch_any\tAny match\tAny match is acceptable if more than one match is possible.\nmatch_not_null\tNot null\tEmpty sequences do not match.\nmatch_continuous\tContinuous\tThe expression must match a sub-sequence that begins at the first character.\nSub-sequences must begin at the first character to match.\nmatch_prev_avail\tPrevious Available\tOne or more characters exist before the first one. (match_not_bol and match_not_bow are ignored)\nformat_default\tDefault\tSame as match_default.\nThis constant has a value of zero**.\nformat_sed\tNone\tIgnored by this function.\nSee regex_constants for more info.\nformat_no_copy\nformat_first_only\n* These bitmask flag names are available under the std::regex_constants namespace (see regex_constants for more details).\n** Constants with a value of zero are ignored if some other flag is set.\nmatch_flag_type is a type available under the std::regex_constants namespace.",
        "m": "Object of a match_results type (such as cmatch or smatch) that is filled by this function with information about the match results and any submatches found.\nThe type of the match_results object shall be instantiated with the appropriate iterator type to iterate through the characters in the character sequence s (or between begin and end).",
        "rgx": "A basic_regex object (the pattern) to match.",
        "s": "A string with the target sequence (the subject) to be searched for a match of the regex expression."
    },
    "prototype": "template <class charT, class traits>\n  bool regex_search (const charT* s, const basic_regex<charT,traits>& rgx,\n          regex_constants::match_flag_type flags = regex_constants::match_default);template <class ST, class SA, char charT, class traits>\n  bool regex_search (const basic_string<charT,ST,SA>& s,\n          const basic_regex<charT,traits>& rgx,\n          regex_constants::match_flag_type flags = regex_constants::match_default);template <class BidirectionalIterator, class charT, class traits>\n  bool regex_search (BidirectionalIterator first, BidirectionalIterator last,\n          const basic_regex<charT,traits>& rgx,\n          regex_constants::match_flag_type flags = regex_constants::match_default);template <class charT, class Alloc, class traits>\n  bool regex_search (const charT* s, match_results<const charT*, Alloc>& m,\n          const basic_regex<charT,traits>& rgx,\n          regex_constants::match_flag_type flags = regex_constants::match_default);\ntemplate <class ST, class SA, class Alloc, class charT, class traits>\n  bool regex_search (const basic_string<charT,ST,SA>& s,\n          match_results<typename basic_string<charT,ST,SA>::const_iterator,Alloc>& m,\n          const basic_regex<charT,traits>& rgx,\n          regex_constants::match_flag_type flags = regex_constants::match_default);\ntemplate <class BidirectionalIterator, class Alloc, class charT, class traits>\n  bool regex_search (BidirectionalIterator first, BidirectionalIterator last,\n          match_results<BidirectionalIterator, Alloc>& m,\n          const basic_regex<charT,traits>& rgx,\n          regex_constants::match_flag_type flags = regex_constants::match_default);template <class ST, class SA, class Alloc, class charT, class traits>\n  bool regex_search (const basic_string<charT,ST,SA>&&,\n          match_results<typename basic_string<charT,ST,SA>::const_iterator,Alloc>&,\n          const basic_regex<charT,traits>&,\n          regex_constants::match_flag_type=regex_constants::match_default) = delete;",
    "return_value": "Return value true if rgx matches against a sub-sequence in the target sequence. false otherwise.",
    "type": "function template"
}