{
    "name": "end",
    "parameters": {
        "arr": "An array.",
        "cont": "An object of a class type for which member end is defined."
    },
    "prototype": "template <class Container>\n  auto end (Container& cont) -> decltype (cont.end());\ntemplate <class Container>\n  auto end (const Container& cont) -> decltype (cont.end());template <class T, size_t N>\n  constexpr T* end (T(&arr)[N]) noexcept;",
    "return_value": "For (1), the same as returned by cont.end(). For (2), a pointer to the element that would follow the last element in the array.",
    "type": "function template"
}