{
    "name": "to_string",
    "parameters": {
        "val": "Numerical value."
    },
    "prototype": "string to_string (int val);\nstring to_string (long val);\nstring to_string (long long val);\nstring to_string (unsigned val);\nstring to_string (unsigned long val);\nstring to_string (unsigned long long val);\nstring to_string (float val);\nstring to_string (double val);\nstring to_string (long double val);",
    "return_value": "A string object containing the representation of val as a sequence of characters.",
    "type": "function"
}