{
    "name": "stof",
    "parameters": {
        "idx": "Pointer to an object of type size_t, whose value is set by the function to position of the next character in str after the numerical value.\nThis parameter can also be a null pointer, in which case it is not used.",
        "str": "String object with the representation of a floating-point number."
    },
    "prototype": "float stof (const string&  str, size_t* idx = 0);\nfloat stof (const wstring& str, size_t* idx = 0);",
    "return_value": "On success, the function returns the converted floating-point number as a value of type float.",
    "type": "function template"
}