{
    "name": "begin",
    "parameters": {
        "arr": "An array.",
        "cont": "An object of a class type for which member begin is defined."
    },
    "prototype": "template <class Container>\n  auto begin (Container& cont) -> decltype (cont.begin());\ntemplate <class Container>\n  auto begin (const Container& cont) -> decltype (cont.begin());template <class T, size_t N>\n  constexpr T* begin (T(&arr)[N]) noexcept;",
    "return_value": "For (1), the same as returned by cont.begin(). For (2), a pointer to the first element in the array.",
    "type": "function template"
}