{
    "name": "swap",
    "parameters": {
        "a, b": "Two objects, whose contents are swapped.\nC++98C++11\nType T shall be copy-constructible and assignable."
    },
    "prototype": "template <class T> void swap (T& a, T& b)\n  noexcept (is_nothrow_move_constructible<T>::value && is_nothrow_move_assignable<T>::value);template <class T, size_t N> void swap(T (&a)[N], T (&b)[N])\n  noexcept (noexcept(swap(*a,*b)));",
    "return_value": "Return value none",
    "type": "function template"
}