{
    "name": "move_if_noexcept",
    "parameters": {
        "arg": "An object."
    },
    "prototype": "template <class T>\n  typename conditional < is_nothrow_move_constructible<T>::value ||\n                         !is_copy_constructible<T>::value,\n                         T&&, const T& >::type move_if_noexcept(T& arg) noexcept;",
    "return_value": "Return value An rvalue reference that refers to arg if T is nothrow move-constructible or if T is not copy-constructible. An lvalue reference otherwise. The return type uses conditional to select between two types: T&& and const T&.",
    "type": "function template"
}