{
    "name": "pow",
    "parameters": {
        "x": "valarray or element with the bases for the power operations.",
        "y": "valarray or element with the exponents for the power operations."
    },
    "prototype": "template<class T> valarray<T> pow (const valarray<T>& x, const valarray<T>& y);\ntemplate<class T> valarray<T> pow (const valarray<T>& x, const T& y);\ntemplate<class T> valarray<T> pow (const T& x, const valarray<T>& y);",
    "return_value": "Return value A valarray object with the values of x to the power of y.",
    "type": "function template"
}