{
    "name": "rend",
    "parameters": {},
    "prototype": "reverse_iterator rend() noexcept;\nconst_reverse_iterator rend() const noexcept;",
    "return_value": "A reverse iterator to the reverse end of the sequence.  If the array object is const-qualified, the function returns a const_iterator. Otherwise, it returns an iterator.  Member types reverse_iterator and const_reverse_iterator are reverse random access iterator types (pointing to an element and to a const element, respectively). See vector member types.",
    "type": "public member function"
}