{
    "name": "fetch_sub",
    "parameters": {
        "sync": "Synchronization mode for the operation.\nThis shall be one of the values of the enum type memory_order.",
        "val": "Value to subtract.\nT is atomic's template parameter (the type of the contained value).\nptrdiff_t is a signed integral type."
    },
    "prototype": "T fetch_sub (T val, memory_order sync = memory_order_seq_cst) volatile noexcept;\nT fetch_sub (T val, memory_order sync = memory_order_seq_cst) noexcept;T fetch_sub (ptrdiff_t val, memory_order sync = memory_order_seq_cst) volatile noexcept;\nT fetch_sub (ptrdiff_t val, memory_order sync = memory_order_seq_cst) noexcept;",
    "return_value": "Return value The contained value before the call. T is atomic's template parameter (the type of the contained value).",
    "type": "public member function"
}