{
    "name": "compare_exchange_strong",
    "parameters": {
        "expected": "Reference to an object whose value is compared to the contained value, and which -in case it doesn't match- is overwritten with the contained value.\nT is atomic's template parameter (the type of the contained value).",
        "failure": "Synchronization mode for the operation in case expected does not match the contained value. This shall not be a stronger mode than success and shall neither be memory_order_release nor memory_order_acq_rel.",
        "success": "Synchronization mode for the operation in case expected matches the contained value.",
        "sync": "Synchronization mode for the operation.\nThis can be any of the possible values of the enum type memory_order:\nvalue\tmemory order\tdescription\nmemory_order_relaxed\tRelaxed\tNo synchronization of side effects.\nmemory_order_consume\tConsume\t Synchronizes the visible side effects on values carrying dependencies from the last release or sequentially consistent operation.\nmemory_order_acquire\tAcquire\tSynchronizes all visible side effects from the last release or sequentially consistent operation.\nmemory_order_release\tRelease\tSynchronizes side effects with the next consume or acquire operation.\nmemory_order_acq_rel\tAcquire/Release\tReads as an acquire operation and writes as a release operation (as described above).\nmemory_order_seq_cst\tSequentially consistent\tSynchronizes all visible side effects with the other sequentially consistent operations, following a single total order.",
        "val": "Value to copy to the contained object in case expected matches the contained value.\nT is atomic's template parameter (the type of the contained value)."
    },
    "prototype": "bool compare_exchange_strong (T& expected, T val,\n           memory_order sync = memory_order_seq_cst) volatile noexcept;\nbool compare_exchange_strong (T& expected, T val,\n           memory_order sync = memory_order_seq_cst) noexcept;bool compare_exchange_strong (T& expected, T val,\n           memory_order success, memory_order failure) volatile noexcept;\nbool compare_exchange_strong (T& expected, T val,\n           memory_order success, memory_order failure) noexcept;",
    "return_value": "Return value true if expected compares equal to the contained value. false otherwise.",
    "type": "public member function"
}