{
    "name": "clear",
    "parameters": {
        "sync": "Synchronization mode for the operation.\nThis can be any of the following values of the enum type memory_order:\nC++11C++14\nvalue\tmemory order\tdescription\nmemory_order_relaxed\tRelaxed\tNo synchronization of side effects.\nmemory_order_consume\tConsume\t Synchronizes the visible side effects on values carrying dependencies from the last release or sequentially consistent operation.\nmemory_order_acquire\tAcquire\tSynchronizes all visible side effects from the last release or sequentially consistent operation.\nmemory_order_release\tRelease\tSynchronizes side effects with the next consume or acquire operation.\nmemory_order_seq_cst\tSequentially consistent\tSynchronizes all visible side effects with the other sequentially consistent operations, following a single total order."
    },
    "prototype": "void clear (memory_order sync = memory_order_seq_cst) volatile noexcept;\nvoid clear (memory_order sync = memory_order_seq_cst) noexcept;",
    "return_value": "Return value none",
    "type": "public member function"
}