{
    "name": "exchange",
    "parameters": {
        "sync": "Synchronization mode for the operation.\nThis can be any of the possible values of the enum type memory_order:\nvalue\tmemory order\tdescription\nmemory_order_relaxed\tRelaxed\tNo synchronization of side effects.\nmemory_order_consume\tConsume\t Synchronizes the visible side effects on values carrying dependencies from the last release or sequentially consistent operation.\nmemory_order_acquire\tAcquire\tSynchronizes all visible side effects from the last release or sequentially consistent operation.\nmemory_order_release\tRelease\tSynchronizes side effects with the next consume or acquire operation.\nmemory_order_acq_rel\tAcquire/Release\tReads as an acquire operation and writes as a release operation (as described above).\nmemory_order_seq_cst\tSequentially consistent\tSynchronizes all visible side effects with the other sequentially consistent operations, following a single total order.",
        "val": "Value to copy to the contained object.\nT is atomic's template parameter (the type of the contained value)."
    },
    "prototype": "T exchange (T val, memory_order sync = memory_order_seq_cst) volatile noexcept;\nT exchange (T val, memory_order sync = memory_order_seq_cst) noexcept;",
    "return_value": "Return value The contained value before the call. T is atomic's template parameter (the type of the contained value).",
    "type": "public member function"
}