{
    "name": "find_last_not_of",
    "parameters": {
        "c": "Individual character to be searched for.",
        "n": "Number of character values to search for.",
        "pos": "Position of the last character in the string to be considered in the search.\nAny value greater or equal than the string length (including basic_string::npos) means that the entire string is searched.\nNote: The first character is denoted by a value of 0 (not 1).",
        "s": "Pointer to an array of characters.\nIf argument n is specified (3), the first n characters in the array are used in the search.\nOtherwise (2), a null-terminated sequence is expected: the length of the sequence with the characters used in the search is determined by the first occurrence of a null character.",
        "str": "Another basic_string with the set of characters to be used in the search."
    },
    "prototype": "size_type find_last_not_of (const basic_string& str, size_type pos = npos) const noexcept;size_type find_last_not_of (const charT* s, size_type pos = npos) const;size_type find_last_not_of (const charT* s, size_type pos, size_type n) const;size_type find_last_not_of (charT c, size_type pos = npos) const noexcept;",
    "return_value": "The position of the first character that does not match. If no such characters are found, the function returns basic_string::npos.  Member type size_type is an unsigned integral type.",
    "type": "public member function"
}