{
    "name": "pubseekoff",
    "parameters": {
        "off": "Offset value, relative to the way parameter.\nMember type off_type is determined by the character traits: generally, it is an alias of the signed integral type streamoff.",
        "way": "Object of type ios_base::seekdir. It may take any of the following constant values: \nvalue\toffset is relative to...\nios_base::beg\tbeginning of the stream buffer\nios_base::cur\tcurrent position in the stream buffer\nios_base::end\tend of the stream buffer",
        "which": "Generally used to determine the position on which of the controlled sequences shall be modified: the input sequence, the output sequence, or both. It is an object of type ios_base::openmode that, for this function, may take any combination of the following significant constant values:\nvalue\tposition pointer affected\nios_base::in\tModify current position in controlled input sequence\nios_base::out\tModify current position in controlled output sequence"
    },
    "prototype": "pos_type pubseekoff (off_type off, ios_base::seekdir way,\n                     ios_base::openmode which = ios_base::in | ios_base::out);",
    "return_value": "The new position value of the modified position pointer. The default definition in basic_streambuf always returns -1. Member type pos_type is determined by the character traits: generally, it is an fpos type (such as streampos) that can be converted to/from integral types.",
    "type": "public member function"
}