{
    "name": "str",
    "parameters": {
        "str": "A basic_string object with the same template parameters (charT, traits and Alloc), whose content is copied.\nMember types char_type, traits_type and allocator_type are the class template parameters of basic_stringbuf."
    },
    "prototype": "basic_string<char_type,traits_type,allocator_type> str() const;void str (const basic_string<char_type,traits_type,allocator_type>& str);",
    "return_value": "For (1), a basic_string object with a copy of the current contents in the stream buffer.  Member types char_type, traits_type and allocator_type are the class template parameters of basic_stringbuf.",
    "type": "public member function"
}