{
    "name": "getline",
    "parameters": {
        "delim": "Explicit delimiting character: The operation of extracting successive characters stops as soon as the next character to extract compares equal to this (using traits_type::eq).",
        "n": "Maximum number of characters to write to s (including the terminating null character).\nIf the function stops reading because this limit is reached without finding the delimiting character, the failbit internal flag is set.\nstreamsize is a signed integral type.",
        "s": "Pointer to an array of characters where extracted characters are stored as a c-string."
    },
    "prototype": "basic_istream& getline (char_type* s, streamsize n );\nbasic_istream& getline (char_type* s, streamsize n, char_type delim);",
    "return_value": "The basic_istream object (*this).  Errors are signaled by modifying the internal state flags: flag\terror eofbit\tThe function stopped extracting characters because the input sequence has no more characters available (end-of-file reached). failbit\tEither the delimiting character was not found or no characters were extracted at all (because the end-of-file was before the first character or because the construction of sentry failed). badbit\tError on stream (such as when this function catches an exception thrown by an internal operation). When set, the integrity of the stream may have been affected. Multiple flags may be set by a single operation.  If the operation sets an internal state flag that was registered with member exceptions, the function throws an exception of member type failure.",
    "type": "public member function"
}