{
    "name": "read",
    "parameters": {
        "n": "Number of characters to extract.\nstreamsize is a signed integral type.",
        "s": "Pointer to an array where the extracted characters are stored.\nMember type char_type is the type of characters used by the stream (i.e., its first class template parameter, charT)."
    },
    "prototype": "basic_istream& read (char_type* s, streamsize n);",
    "return_value": "The basic_istream object (*this).  Errors are signaled by modifying the internal state flags: flag\terror eofbit\tThe function stopped extracting characters because the input sequence has no more characters available (end-of-file reached). failbit\tEither the function could not extract n characters or the construction of sentry failed. badbit\tError on stream (such as when this function catches an exception thrown by an internal operation). When set, the integrity of the stream may have been affected. Multiple flags may be set by a single operation.  If the operation sets an internal state flag that was registered with member exceptions, the function throws an exception of member type failure.",
    "type": "public member function"
}