{
    "name": "sputn",
    "parameters": {
        "n": "Number of characters to write.\nThis shall be a non-negative value.\nstreamsize is a signed integral type.",
        "s": "Pointer to the sequence of characters to be written.\nMember type char_type is the type of the characters in the stream buffer (the first class template parameter)."
    },
    "prototype": "streamsize sputn (const char_type* s, streamsize n);",
    "return_value": "The number of characters written. streamsize is a signed integral type.",
    "type": "public member function"
}