{
    "name": "unget",
    "parameters": {},
    "prototype": "basic_istream& unget();",
    "return_value": "The basic_istream object (*this).  Errors are signaled by modifying the internal state flags: flag\terror eofbit\t- failbit\tThe construction of sentry failed (such as when the stream state was not good before the call). badbit\tEither the internal call to sungetc failed, or another error occurred on the stream (such as when the function catches an exception thrown by an internal operation, or when no stream buffer is associated with the stream). When set, the integrity of the stream may have been affected. Multiple flags may be set by a single operation.  If the operation sets an internal state flag that was registered with member exceptions, the function throws an exception of member type failure.",
    "type": "public member function"
}