{
    "name": "open",
    "parameters": {
        "filename": "String with the name of the file to open.\nSpecifics about its format and validity depend on the library implementation and running environment.",
        "mode": "Flags describing the requested input/output mode for the file.\nThis is an object of the bitmask member type openmode that consists of a combination of the following member constants:\nmember constant\tstands for\taccess\nin\tinput\tFile open for reading: the internal stream buffer supports input operations.\nout\toutput\tFile open for writing: the internal stream buffer supports output operations.\nbinary\tbinary\tOperations are performed in binary mode rather than text.\nate\tat end\tThe output position starts at the end of the file.\napp\tappend\tAll output operations happen at the end of the file, appending to its existing contents.\ntrunc\ttruncate\tAny contents that existed in the file before it is open are discarded.\nThese flags can be combined with the bitwise OR operator (|).\n\nC++98C++11\nIf the mode has both trunc and app set, the opening operation fails. It also fails if either is set but out is not, or if both app and in are set."
    },
    "prototype": "void open (const char* filename,\n           ios_base::openmode mode = ios_base::in | ios_base::out);\nvoid open (const string& filename,\n           ios_base::openmode mode = ios_base::in | ios_base::out);",
    "return_value": "none  If the function fails to open a file, the failbit state flag is set for the stream (which may throw ios_base::failure if that state flag was registered using member exceptions).",
    "type": "public member function"
}