{
    "name": "sgetn",
    "parameters": {
        "n": "Maximum number of characters to be retrieved.\nThis shall be a non-negative value.\nstreamsize is a signed integral type.",
        "s": "Pointer to an array where the character sequence is copied.\nMember type char_type is the type of the characters in the stream buffer (the first class template parameter)."
    },
    "prototype": "streamsize sgetn (char_type* s, streamsize n);",
    "return_value": "The number of characters copied. streamsize is a signed integral type.",
    "type": "public member function"
}