{
    "name": "overflow",
    "parameters": {
        "c": "Character to be put.\nIf this is the end-of-file value (traits_type::eof()), no character is put, but the other effects of calling this function are attempted.\nMember type int_type is an integral type able to represent any character value or the special end-of-file value."
    },
    "prototype": "int_type overflow (int_type c = traits_type::eof());",
    "return_value": "In case of success, the character put is returned, converted to a value of type int_type using member traits_type::to_int_type. Otherwise, it returns the end-of-file value (traits_type::eof()) either if called with this value as argument c or to signal a failure (some implementations may throw an exception instead). Member type int_type is an integral type able to represent any character value or the special end-of-file value.",
    "type": "protected virtual member function"
}