{
    "name": "pbackfail",
    "parameters": {
        "c": "Character to be put back, or the end-of-file value (traits_type::eof()) to keep the value of the character at the putback position.\nIt is unspecified whether the content of the controlled input sequence is modified if the function succeeds and c does not match the character at that position.\nMember type int_type is an integral type able to represent any character value or the special end-of-file value."
    },
    "prototype": "int_type pbackfail (int_type c = traits_type::eof());",
    "return_value": "On success, the value of the character put back, converted to a value of type int_type using member traits_type::to_int_type. The function returns the end-of-file value (traits_type::eof()) on failure. Member type int_type is an integral type able to represent any character value or the special end-of-file value.",
    "type": "protected virtual member function"
}