{
    "name": "tellg",
    "parameters": {},
    "prototype": "pos_type tellg();",
    "return_value": "The current position in the stream. If either the stream buffer associated to the stream does not support the operation, or if it fails, the function returns -1. Member type pos_type is determined by the character traits: generally, it is an fpos type (such as streampos) that can be converted to/from integral types.  Errors are signaled by modifying the internal state flags: flag\terror eofbit\t- failbit\tThe construction of sentry failed (such as when the stream state was not good before the call). badbit\tError on stream (such as when this function catches an exception thrown by an internal operation). When set, the integrity of the stream may have been affected. Multiple flags may be set by a single operation.  If the operation sets an internal state flag that was registered with member exceptions, the function throws an exception of member type failure.",
    "type": "public member function"
}