{
    "name": "insert",
    "parameters": {
        "c": "Character value.",
        "first, last": "Input iterators to the initial and final positions in a range. The range used is [first,last), which includes all the characters between first and last, including the character pointed by first but not the character pointed by last.\nThe function template argument InputIterator shall be an input iterator type that points to elements of a type convertible to charT.",
        "il": "An initializer_list object.\nThese objects are automatically constructed from initializer list declarators.",
        "n": "Number of characters to insert.",
        "p": "Iterator pointing to the insertion point: The new contents are inserted before the character pointed by p.\niterator is a member type, defined as a random access iterator type that points to characters of the basic_string.",
        "pos": "Insertion point: The new contents are inserted before the character at position pos.\nIf this is greater than the object's length, it throws out_of_range.\nNote: The first character is denoted by a value of 0 (not 1).",
        "s": "Pointer to an array of characters (such as a c-string).",
        "str": "Another basic_string object of the same type (with the same class template arguments charT, traits and Alloc).",
        "sublen": "Length of the substring to be copied (if the string is shorter, as many characters as possible are copied).\nA value of npos indicates all characters until the end of str.",
        "subpos": "Position of the first character in str that is inserted into the object as a substring.\nIf this is greater than str's length, it throws out_of_range.\nNote: The first character in str is denoted by a value of 0 (not 1)."
    },
    "prototype": "basic_string& insert (size_type pos, const basic_string& str);basic_string& insert (size_type pos, const basic_string& str,\n                      size_type subpos, size_type sublen = npos);basic_string& insert (size_type pos, const charT* s);basic_string& insert (size_type pos, const charT* s, size_type n);basic_string& insert (size_type pos,   size_type n, charT c);\n     iterator insert (const_iterator p, size_type n, charT c);iterator insert (const_iterator p, charT c);template <class InputIterator>\n     iterator insert (iterator p, InputIterator first, InputIterator last);basic_string& insert (const_iterator p, initializer_list<charT> il);",
    "return_value": "Return value The signatures returning a reference to basic_string, return *this. Those returning an iterator, return an iterator pointing to the first character inserted.  Member type iterator is a random access iterator type that points to characters of the basic_string.",
    "type": "public member function"
}