{
    "name": "constructor",
    "parameters": {
        "alloc": "Allocator object.\nThe container keeps and uses an internal copy of this allocator.\nMember type allocator_type is the internal allocator type used by the container, defined in basic_string as an alias of its third template parameter (Alloc).\nIf allocator_type is an instantiation of the default allocator (which has no state), this is not relevant.",
        "c": "Character to fill the string with. Each of the n characters in the string will be initialized to a copy of this value.",
        "first, last": "Input iterators to the initial and final positions in a range. The range used is [first,last), which includes all the characters between first and last, including the character pointed by first but not the character pointed by last.\nThe function template argument InputIterator shall be an input iterator type that points to elements of a type convertible to charT.\nIf InputIterator is an integral type, the arguments are casted to the proper types so that signature (5) is used instead.",
        "il": "An initializer_list object.\nThese objects are automatically constructed from initializer list declarators.",
        "len": "Length of the substring to be copied (if the string is shorter, as many characters as possible are copied).\nA value of basic_string::npos indicates all characters until the end of str.",
        "n": "Number of characters to copy.",
        "pos": "Position of the first character in str that is copied to the object as a substring.\nIf this is greater than str's length, it throws out_of_range.\nNote: The first character in str is denoted by a value of 0 (not 1).",
        "s": "Pointer to an array of characters (such as a c-string).",
        "str": "Another basic_string object of the same type (with the same class template arguments charT, traits and Alloc), whose value is either copied or acquired."
    },
    "prototype": "basic_string();\nexplicit basic_string (const allocator_type& alloc);basic_string (const basic_string& str);\nbasic_string (const basic_string& str, const allocator_type& alloc);basic_string (const basic_string& str, size_type pos, size_type len = npos,\n              const allocator_type& alloc = allocator_type());basic_string (const charT* s, const allocator_type& alloc = allocator_type());basic_string (const charT* s, size_type n,\n              const allocator_type& alloc = allocator_type());basic_string (size_type n, charT c,\n              const allocator_type& alloc = allocator_type());template <class InputIterator>\n  basic_string  (InputIterator first, InputIterator last,\n                 const allocator_type& alloc = allocator_type());basic_string (initializer_list<charT> il,\n              const allocator_type& alloc = allocator_type());basic_string (basic_string&& str) noexcept;\nbasic_string (basic_string&& str, const allocator_type& alloc);",
    "type": "public member function"
}