{
    "name": "rdbuf",
    "parameters": {
        "sb": "Pointer to a basic_streambuf object with the same template parameters as the basic_ios object.\nchar_type and traits_type are member types defined as aliases of the first and second class template parameters, respectively (see basic_ios types)."
    },
    "prototype": "basic_streambuf<char_type,traits_type>* rdbuf() const;basic_streambuf<char_type,traits_type>* rdbuf (basic_streambuf<char_type,traits_type>* sb);",
    "return_value": "A pointer to the stream buffer object associated with the stream before the call.",
    "type": "public member function"
}