{
    "name": "tie",
    "parameters": {
        "tiestr": "An output stream object.\nchar_type and traits_type are member types defined as aliases of the first and second class template parameters, respectively (see basic_ios types)."
    },
    "prototype": "basic_ostream<char_type,traits_type>* tie() const;basic_ostream<char_type,traits_type>* tie (basic_ostream<char_type,traits_type>* tiestr);",
    "return_value": "A pointer to the stream object tied before the call, or a null pointer in case the stream was not tied.",
    "type": "public member function"
}