{
    "name": "operator=",
    "parameters": {
        "c": "A character.\nThe string value is set to a single copy of this character (the string length becomes 1).",
        "il": "An initializer_list object.\nThese objects are automatically constructed from initializer list declarators.\nThe characters are copied, in the same order.",
        "s": "Pointer to a null-terminated sequence of characters.\nThe sequence is copied as the new value for the string.\nThe length is determined by calling traits_type::length(s).",
        "str": "A basic_string object of the same type (with the same class template arguments charT, traits and Alloc), whose value is either copied (1) or moved (5) if different from *this (if moved, str is left in an unspecified but valid state)."
    },
    "prototype": "basic_string& operator= (const basic_string& str);basic_string& operator= (const charT* s);basic_string& operator= (charT c);basic_string& operator= (initializer_list<charT> il);basic_string& operator= (basic_string&& str) noexcept;",
    "return_value": "*this",
    "type": "public member function"
}