{
    "name": "pubseekpos",
    "parameters": {
        "pos": "New absolute position for the position pointer.\nMember type pos_type is determined by the character traits: generally, it is an fpos type (such as streampos) that can be converted to/from integral types.",
        "which": "Generally used to determine the position on which of the controlled sequences shall be modified: the input sequence, the output sequence, or both. It is an object of type ios_base::openmode that, for this function, may take any combination of the following significant constant values:\nvalue\tposition pointer affected\nios_base::in\tModify current position in controlled input sequence\nios_base::out\tModify current position in controlled output sequence"
    },
    "prototype": "pos_type pubseekpos (pos_type pos, ios_base::openmode which = ios_base::in | ios_base::out);",
    "return_value": "The new position value of the modified position pointer. The default definition in basic_streambuf always returns -1. Member type pos_type is determined by the character traits: generally, it is an fpos type that can be converted to/from integral types (such as streampos).",
    "type": "public member function"
}