{
    "name": "fill",
    "parameters": {
        "fillch": "the new fill character.\nMember type char_type is the type of characters used by the stream (i.e., its first class template parameter, charT)."
    },
    "prototype": "char_type fill() const;char_type fill (char_type fillch);",
    "return_value": "The value of the fill character before the call.  Member type char_type is the type of characters used by the stream (i.e., its first class template parameter, charT).",
    "type": "public member function"
}