{
    "name": "ignore",
    "parameters": {
        "delim": "Delimiting character: The function stops extracting characters as soon as an extracted character compares equal to this (using traits_type::eq).\nIf this is the end-of-file value (traits_type::eof()), no character will compare equal, and thus exactly n characters will be discarded (unless the function fails or the end-of-file is reached).\nMember type int_type is an integral type able to represent any valid character value or the special end-of-file value.",
        "n": "Maximum number of characters to extract (and ignore).\nIf this is exactly numeric_limits::max(), there is no limit: As many characters are extracted as needed until delim (or the end-of-file) is found.\nstreamsize is a signed integral type."
    },
    "prototype": "basic_istream& ignore (streamsize n = 1, int_type delim = traits_type::eof());",
    "return_value": "The basic_istream object (*this).  Errors are signaled by modifying the internal state flags: flag\terror eofbit\tThe function stopped extracting characters because the input sequence has no more characters available (end-of-file reached). failbit\tThe construction of sentry failed (such as when the stream state was not good before the call). badbit\tError on stream (such as when this function catches an exception thrown by an internal operation). When set, the integrity of the stream may have been affected. Multiple flags may be set by a single operation.  If the operation sets an internal state flag that was registered with member exceptions, the function throws an exception of member type failure.",
    "type": "public member function"
}