{
    "name": "rdstate",
    "parameters": {},
    "prototype": "iostate rdstate() const;",
    "return_value": "An object of type ios_base::iostate that can contain any combination of the following state flag member constants:  iostate value (member constants)\tindicates\tfunctions to check state flags good()\teof()\tfail()\tbad()\trdstate() goodbit\tNo errors (zero value iostate)\ttrue\tfalse\tfalse\tfalse\tgoodbit eofbit\tEnd-of-File reached on input operation\tfalse\ttrue\tfalse\tfalse\teofbit failbit\tLogical error on i/o operation\tfalse\tfalse\ttrue\tfalse\tfailbit badbit\tRead/writing error on i/o operation\tfalse\tfalse\ttrue\ttrue\tbadbit eofbit, failbit and badbit are member constants with implementation-defined values that can be combined (as if with the bitwise OR operator). goodbit is zero, indicating that none of the other bits is set.",
    "type": "public member function"
}