{
    "name": "unshift",
    "parameters": {
        "state": "A state object, as required by the facet instantiation.\nTypically, this is an object of type mbstate_t with its state shifted to some value other than its default value (by a call to codecvt::out).\nMember type state_type is the facet's state type (defined as an alias of codecvt's third template parameter, stateT).",
        "to, to_limit": "Pointer to the initial and final characters of the destination sequence. The range used is, at most, [to,to_limit), which contains all the characters between to and to_limit, including the character pointed by to but not the character pointed by to_limit.\nAn unshift operation does not necessarily need to fill up the range to its limit, and may also exhaust it before finishing.\nMember type extern_type is the facet's external character type (defined as an alias of codecvt's second template parameter, externT).",
        "to_next": "Pointer able to point to an element in the above range. Once the function returns, this object points to the element in the destination range beyond the last one written."
    },
    "prototype": "result unshift (state_type& state, \n   extern_type* to, extern_type* to_limit, extern_type*& to_next) const;",
    "return_value": "Return value A value of type codecvt_base::result, with the following possible values: member constant\tint value\tresult ok\t0\tConversion successful: all characters needed to unshift the state were successfully wirtten. partial\t1\tPartial conversion: the destination sequence [to,to_limit) is not long enough. The range [to,to_limit) has been filled with the partial result. The function may be called again with additional storage to obtain more unshift characters. error\t2\tConversion error: Some unspecified error occurred, such as state in an invalid state. noconv\t3\tNo conversion: The current state of state does not need to be unshifted.",
    "type": "public member function"
}