{
    "name": "encoding",
    "parameters": {},
    "prototype": "int encoding() const noexcept;",
    "return_value": "Return value One of the following, describing how external characters are encoded: value\tinterpretation 0\tCharacters have a variable width, each with a maximum length of max_length. -1\tEncoding is state-dependent, possibly with additional shift codes beyond max_length per character. other values\tFixed amount of external characters equivalent to one internal character",
    "type": "public member function"
}