{
    "name": "compare",
    "parameters": {
        "low1, high1": "Pointer to the beginning and ending characters of the first sequence. The range used is [low1,high1), which contains all the characters between low1 and high1, including the character pointed by low1 but not the character pointed by high.",
        "low2, high2": "Pointer to the beginning and ending characters of the second sequence. The range used is [low2,high2)."
    },
    "prototype": "int compare (const char_type* low1, const char_type* high1\n             const char_type* low2, const char_type* high2) const;",
    "return_value": "Return value One of the following values: value\tdescription -1\tThe first sequence is less than the second (i.e., the first goes before the second in alphabetical order). 0\tBoth sequences are considered equal. 1\tThe first sequence is greater than the second (i.e., the first goes after the second in alphabetical order).",
    "type": "public member function"
}