{
    "name": "constructor",
    "parameters": {
        "re, im": "Real and imaginary parts, respectively, of the complex number.\nT is complex's template parameter.",
        "x": "A complex object.\nIf constructed from a complex object with a different template parameter (U), the appropriate conversions are performed."
    },
    "prototype": "complex (const T& re = T(), const T& im = T());complex (const complex& x);template<class U>\n  complex (const complex<U>& x);",
    "type": "public member function"
}