{
    "name": "wait_for",
    "parameters": {
        "lck": "A unique_lock object whose mutex object is currently locked by this thread.\nAll concurrent calls to wait member functions of this object shall use the same underlying mutex object (as returned by lck.mutex()).",
        "pred": "A callable object or function that takes no arguments and returns a value that can be evaluated as a bool.\nThis is called repeatedly until it evaluates to true.",
        "rel_time": "The maximum time span during which the thread will block waiting to be notified.\nduration is an object that represents a specific relative time."
    },
    "prototype": "template <class Rep, class Period>\n  cv_status wait_for (unique_lock<mutex>& lck,\n                      const chrono::duration<Rep,Period>& rel_time);template <class Rep, class Period, class Predicate>\n       bool wait_for (unique_lock<mutex>& lck,\n                      const chrono::duration<Rep,Period>& rel_time, Predicate pred);",
    "return_value": "Return value The unconditional version (1) returns cv_status::timeout if the function returns because rel_time has passed, or cv_status::no_timeout otherwise. The predicate version (2) returns pred(), regardless of whether the timeout was triggered (although it can only be false if triggered).",
    "type": "public member function"
}