{
    "name": "relational operators",
    "parameters": {
        "lhs, rhs": "discard_block_engine objects of the same type (to the left- and right-hand side of the operator, respectively)."
    },
    "prototype": "template <class Engine, size_t p, size_t r>\nbool operator== ( const discard_block_engine<Engine,p,r>& lhs,\n                  const discard_block_engine<Engine,p,r>& rhs );template <class Engine, size_t p, size_t r>\nbool operator!= ( const discard_block_engine<Engine,p,r>& lhs,\n                  const discard_block_engine<Engine,p,r>& rhs );",
    "return_value": "true if they compare equal, and false otherwise.",
    "type": "function template"
}