{
    "name": "relational operators",
    "parameters": {
        "lhs, rhs": "discrete_distribution objects (to the left- and right-hand side of the operator, respectively), having both the same template parameter (IntType)."
    },
    "prototype": "template <class IntType>\nbool operator== ( const discrete_distribution<IntType>& lhs,\n                  const discrete_distribution<IntType>& rhs );template <class IntType>\nbool operator!= ( const discrete_distribution<IntType>& lhs,\n                  const discrete_distribution<IntType>& rhs );",
    "return_value": "true if the condition holds, and false otherwise.",
    "type": "function template"
}