{
    "name": "relational operators (error_code)",
    "parameters": {
        "lhs, rhs": "Objects (to the left- and right-hand side of the operator, respectively)."
    },
    "prototype": "bool operator== (const error_code& lhs, const error_code& rhs) noexcept;\nbool operator!= (const error_code& lhs, const error_code& rhs) noexcept;\nbool operator<  (const error_code& lhs, const error_code& rhs) noexcept;bool operator== (const error_code& lhs, const error_condition& rhs) noexcept;\nbool operator== (const error_condition& lhs, const error_code& rhs) noexcept;\nbool operator!= (const error_code& lhs, const error_condition& rhs) noexcept;\nbool operator!= (const error_condition& lhs, const error_code& rhs) noexcept;",
    "return_value": "Return value true if the condition holds, and false otherwise.",
    "type": "function"
}