{
    "name": "constructor",
    "parameters": {
        "a": "Distribution parameter a, which defines the location (shift) of the distribution.\nresult_type is a member type that represents the type of the random numbers generated on each call to operator(). It is defined as an alias of the first class template parameter (RealType).",
        "b": "Distribution parameter b, which defines the scale of the distribution.\nThis shall be a positive value (b>0).\nresult_type is a member type that represents the type of the random numbers generated on each call to operator(). It is defined as an alias of the first class template parameter (RealType).",
        "parm": "An object representing the distribution's parameters, obtained by a call to member function param.\nparam_type is a member type."
    },
    "prototype": "explicit extreme_value_distribution ( result_type a = 0.0, result_type b = 1.0 );explicit extreme_value_distribution ( const param_type& parm );",
    "type": "public member function"
}