{
    "name": "emplace_front",
    "parameters": {
        "args": "Arguments forwarded to construct the new element."
    },
    "prototype": "template <class... Args>\n  void emplace_front (Args&&... args);",
    "return_value": "Return value none  The storage for the new element is allocated using allocator_traits::construct(), which may throw exceptions on failure (for the default allocator, bad_alloc is thrown if the allocation request does not succeed).",
    "type": "public member function"
}