{
    "name": "peek",
    "parameters": {},
    "prototype": "int peek();",
    "return_value": "The next character in the input sequence, as a value of type int.  If there are no more characters to read in the input sequence, or if any internal state flags is set, the function returns the end-of-file value (EOF), and leaves the proper internal state flags set:  flag\terror eofbit\tNo character could be peeked because the input sequence has no characters available (end-of-file reached). failbit\tThe construction of sentry failed (such as when the stream state was not good before the call). badbit\tError on stream (such as when this function catches an exception thrown by an internal operation). When set, the integrity of the stream may have been affected. Multiple flags may be set by a single operation.  If the operation sets an internal state flag that was registered with member exceptions, the function throws an exception of member type failure.",
    "type": "public member function"
}