{
    "name": "relational operators",
    "parameters": {
        "lhs, rhs": "independent_bits_engine objects of the same type (to the left- and right-hand side of the operator, respectively)."
    },
    "prototype": "template <class Engine, size_t w, class UIntType>\nbool operator== ( const independent_bits_engine<Engine,w,UIntType>& lhs,\n                  const independent_bits_engine<Engine,p,UIntType>& rhs );template <class Engine, size_t w, class UIntType>\nbool operator!= ( const independent_bits_engine<Engine,w,UIntType>& lhs,\n                  const independent_bits_engine<Engine,p,UIntType>& rhs );",
    "return_value": "true if they compare equal, and false otherwise.",
    "type": "function template"
}