{
    "name": "seekg",
    "parameters": {
        "off": "Offset value, relative to the way parameter.\nstreamoff is an offset type (generally, a signed integral type).",
        "pos": "New absolute position within the stream (relative to the beginning).\nstreampos is an fpos type (it can be converted to/from integral types).",
        "way": "Object of type ios_base::seekdir. It may take any of the following constant values: \nvalue\toffset is relative to...\nios_base::beg\tbeginning of the stream\nios_base::cur\tcurrent position in the stream\nios_base::end\tend of the stream"
    },
    "prototype": "istream& seekg (streampos pos);istream& seekg (streamoff off, ios_base::seekdir way);",
    "return_value": "The istream object (*this).  Errors are signaled by modifying the internal state flags: flag\terror eofbit\t- failbit\tEither the construction of sentry failed, or the internal call to pubseekpos (1) or pubseekoff (2) failed (i.e., either function returned -1). badbit\tAnother error occurred on the stream (such as when the function catches an exception thrown by an internal operation). When set, the integrity of the stream may have been affected. Multiple flags may be set by a single operation.  If the operation sets an internal state flag that was registered with member exceptions, the function throws an exception of member type failure.",
    "type": "public member function"
}