{
    "name": "relational operators (list)",
    "parameters": {
        "lhs, rhs": "list containers (to the left- and right-hand side of the operator, respectively), having both the same template parameters (T and Alloc)."
    },
    "prototype": "template <class T, class Alloc>\n  bool operator== (const list<T,Alloc>& lhs, const list<T,Alloc>& rhs);template <class T, class Alloc>\n  bool operator!= (const list<T,Alloc>& lhs, const list<T,Alloc>& rhs);template <class T, class Alloc>\n  bool operator<  (const list<T,Alloc>& lhs, const list<T,Alloc>& rhs);template <class T, class Alloc>\n  bool operator<= (const list<T,Alloc>& lhs, const list<T,Alloc>& rhs);template <class T, class Alloc>\n  bool operator>  (const list<T,Alloc>& lhs, const list<T,Alloc>& rhs);template <class T, class Alloc>\n  bool operator>= (const list<T,Alloc>& lhs, const list<T,Alloc>& rhs);",
    "return_value": "true if the condition holds, and false otherwise.",
    "type": "function"
}