{
    "name": "splice",
    "parameters": {
        "first,last": "Iterators specifying a range of elements in x. Transfers the elements in the range [first,last) to position.\nNotice that the range includes all the elements between first and last, including the element pointed by first but not the one pointed by last.\nMember types iterator and const_iterator are bidirectional iterator types that point to elements.",
        "i": "Iterator to an element in x. Only this single element is transferred.\niterator is a member type, defined as a bidirectional iterator type.\nMember types iterator and const_iterator are bidirectional iterator types that point to elements.",
        "position": "Position within the container where the elements of x are inserted.\nMember types iterator and const_iterator are bidirectional iterator types that point to elements.",
        "x": "A list object of the same type (i.e., with the same template parameters, T and Alloc).\nThis parameter may be *this if position points to an element not actually being spliced (for the first version, this is never the case, but for the other versions this is possible)."
    },
    "prototype": "void splice (const_iterator position, list& x);\nvoid splice (const_iterator position, list&& x);void splice (const_iterator position, list& x, const_iterator i);\nvoid splice (const_iterator position, list&& x, const_iterator i);void splice (const_iterator position, list& x,\n             const_iterator first, const_iterator last);\nvoid splice (const_iterator position, list&& x,\n             const_iterator first, const_iterator last);",
    "return_value": "Return value none",
    "type": "public member function"
}