{
    "name": "relational operators",
    "parameters": {
        "lhs, rhs": "lognormal_distribution objects (to the left- and right-hand side of the operator, respectively), having both the same template parameter (IntType)."
    },
    "prototype": "template <class RealType>\nbool operator== ( const lognormal_distribution<RealType>& lhs,\n                  const lognormal_distribution<RealType>& rhs );template <class RealType>\nbool operator!= ( const lognormal_distribution<RealType>& lhs,\n                  const lognormal_distribution<RealType>& rhs );",
    "return_value": "true if the condition holds, and false otherwise.",
    "type": "function template"
}