{
    "name": "emplace",
    "parameters": {
        "args": "C++11C++14\nArguments used to construct a new object of the mapped type for the inserted element."
    },
    "prototype": "template <class... Args>\n  pair<iterator,bool> emplace (Args&&... args);",
    "return_value": "Return value If the function successfully inserts the element (because no equivalent element existed already in the map), the function returns a pair of an iterator to the newly inserted element and a value of true.  Otherwise, it returns an iterator to the equivalent element within the container and a value of false.  Member type iterator is a bidirectional iterator type that points to an element. pair is a class template declared in  (see pair).",
    "type": "public member function"
}