{
    "name": "begin",
    "parameters": {},
    "prototype": "iterator begin() noexcept;\nconst_iterator begin() const noexcept;",
    "return_value": "An iterator to the first element in the container.  If the map object is const-qualified, the function returns a const_iterator. Otherwise, it returns an iterator.  Member types iterator and const_iterator are bidirectional iterator types pointing to elements (of type value_type). Notice that value_type in map containers is an alias of pair.",
    "type": "public member function"
}