{
    "name": "constructor",
    "parameters": {
        "alloc": "Allocator object to be used instead of constructing a new one.\nFor class instantiations using their version of the default allocator class template, this parameter is not relevant.\nMember type allocator_type is defined in match_results as an alias of its second template parameter (Alloc).",
        "m": "Another match_results object of the same type (with the same class template arguments), whose contents are either copied or moved."
    },
    "prototype": "explicit match_results ( const allocator_type& alloc = allocator_type() );match_results ( const match_results& m );match_results ( match_results&& m );",
    "type": "public member function"
}