{
    "name": "swap (match_results)",
    "parameters": {
        "lhs,rhs": "match_results containers (to the left- and right-hand side of the operator, respectively), having both the same template parameters (BidirectionalIterator and Alloc)."
    },
    "prototype": "template <class BidirectionalIterator, class Alloc>\n  void swap ( match_results<BidirectionalIterator,Alloc>& lhs,\n              match_results<BidirectionalIterator,Alloc>& lhs);",
    "return_value": "Return value none",
    "type": "function template"
}