{
    "name": "relational operators",
    "parameters": {
        "lhs, rhs": "mersenne_twister_engine objects of the same type (to the left- and right-hand side of the operator, respectively)."
    },
    "prototype": "template <class UIntType, size_t w, size_t n, size_t m, size_t r,\n          UIntType a, size_t u, UIntType d, size_t s,\n          UIntType b, size_t t, UIntType c, size_t l, UIntType f>\nbool operator== ( const mersenne_twister_engine<UIntType,w,n,m,r,a,u,d,s,b,t,c,l,f>& lhs,\n                  const mersenne_twister_engine<UIntType,w,n,m,r,a,u,d,s,b,t,c,l,f>& rhs );template <class UIntType, size_t w, size_t n, size_t m, size_t r,\n          UIntType a, size_t u, UIntType d, size_t s,\n          UIntType b, size_t t, UIntType c, size_t l, UIntType f>\nbool operator!= ( const mersenne_twister_engine<UIntType,w,n,m,r,a,u,d,s,b,t,c,l,f>& lhs,\n                  const mersenne_twister_engine<UIntType,w,n,m,r,a,u,d,s,b,t,c,l,f>& rhs );",
    "return_value": "true if they compare equal, and false otherwise.",
    "type": "function template"
}