{
    "name": "seed",
    "parameters": {
        "q": "A seed sequence object, such as an object of type seed_seq.\nSseq shall be a seed sequence class, with a generate member function.",
        "val": "A seeding value.\nresult_type is a member type, defined as an alias of the first class template parameter (UIntType).\ndefault_seed is a member constant, defined as 1u."
    },
    "prototype": "void seed (result_type val = default_seed);template <class Sseq>\nvoid seed (Sseq& q);",
    "return_value": "Return value None",
    "type": "public member function"
}