{
    "name": "relational operators",
    "parameters": {
        "lhs, rhs": "linear_congruential_engine objects of the same type (to the left- and right-hand side of the operator, respectively)."
    },
    "prototype": "template <class UIntType, UIntType a, UIntType c, UIntType m>\nbool operator== ( const linear_congruential_engine<UIntType,a,c,m>& lhs,\n                  const linear_congruential_engine<UIntType,a,c,m>& rhs );template <class UIntType, UIntType a, UIntType c, UIntType m>\nbool operator!= ( const linear_congruential_engine<UIntType,a,c,m>& lhs,\n                  const linear_congruential_engine<UIntType,a,c,m>& rhs );",
    "return_value": "true if they compare equal, and false otherwise.",
    "type": "function template"
}