{
    "name": "neg_format",
    "parameters": {},
    "prototype": "pattern neg_format() const;",
    "return_value": "Return value A pattern object containing four part elements (casted to chars), each representing one of: member constant\tvalue\trepresentation\tnotes none\t0\tNothing. Can be expanded to whitespaces (unless it is the last specifier)\tcannot be be the first specifier space\t1\tAt least one white space, but can be expanded to more\tcan neither be the first nor last specifier symbol\t2\tCurrency symbol\t sign\t3\tNegative sign\t value\t4\tThe numerical value of the monetary expression\t Member type pattern is inherited from money_base: it is an array of four char elements, each expected to be the conversion of one of the part values: the sequence contains (in some unspecified order that depends on the locale) either one space element or one none element and exactly one of each of the others (symbol, sign and value).",
    "type": "public member function"
}