{
    "name": "curr_symbol",
    "parameters": {},
    "prototype": "string_type curr_symbol() const;",
    "return_value": "Return value The string used to represent the currency symbol. For the instantiations using international format, this is generally a four-character string composed of the three letters corresponding to the international code for the currency, followed by a space. An empty string signals no currency symbol setting. Member type string_type is a basic_string type with the same character type as the facet (defined as an alias of basic_string, where charT is moneypunct's first template parameter).",
    "type": "public member function"
}