{
    "name": "operator->",
    "parameters": {},
    "prototype": "pointer operator->() const;",
    "return_value": "Return value The base iterator. Member type pointer (like iterator_type) is an alias of the underlying iterator type (the class template parameter: Iterator). This is not necessary a pointer type, but if the returning type is a class, C++ forwards the operator-> call to that class (as many times as necessary, until a non-class type is returned).",
    "type": "public member function"
}