{
    "name": "upper_bound",
    "parameters": {
        "k": "Key to search for.\nMember type key_type is the type of the elements in the container, defined in multimap as an alias of its first template parameter (Key)."
    },
    "prototype": "iterator upper_bound (const key_type& k);\nconst_iterator upper_bound (const key_type& k) const;",
    "return_value": "Return value An iterator to the the first element in the container whose key is considered to go after k, or multimap::end if no keys are considered to go after k.  If the multimap object is const-qualified, the function returns a const_iterator. Otherwise, it returns an iterator.  Member types iterator and const_iterator are bidirectional iterator types pointing to elements.",
    "type": "public member function"
}