{
    "name": "insert",
    "parameters": {
        "first, last": "Iterators specifying a range of elements. Copies of the elements in the range [first,last) are inserted in the container.\nNotice that the range includes all the elements between first and last, including the element pointed by first but not the one pointed by last.\nThe function template argument InputIterator shall be an input iterator type that points to elements of a type from which value_type objects can be constructed.",
        "il": "An initializer_list object. Copies of these elements are inserted.\nThese objects are automatically constructed from initializer list declarators.\nMember type value_type is the type of the elements in the container, defined in multiset as an alias of its first template parameter (T).",
        "position": "Hint for the position where the element can be inserted.\nC++98C++11\nThe function optimizes its insertion time if position points to the element that will precede the inserted element.\nNotice that this is just a hint and does not force the new element to be inserted at that position within the multiset container (the elements in a multiset always follow a specific order).\nMember types iterator and const_iterator are defined in map as a bidirectional iterator type that point to elements.",
        "val": "Value to be copied (or moved) to the inserted elements.\nMember type value_type is the type of the elements in the container, defined in multiset as an alias of its first template parameter (T)."
    },
    "prototype": "iterator insert (const value_type& val);\niterator insert (value_type&& val);iterator insert (const_iterator position, const value_type& val);\niterator insert (const_iterator position, value_type&& val);template <class InputIterator>\n  void insert (InputIterator first, InputIterator last);void insert (initializer_list<value_type> il);",
    "return_value": "Return value In the versions returning a value, this is an iterator pointing to the newly inserted element in the multiset.  Member type iterator is a bidirectional iterator type that points to elements.",
    "type": "public member function"
}