{
    "name": "sync_with_stdio",
    "parameters": {
        "sync": "Boolean parameter indicating whether synchronization is to be turned on or off: A value of true requests synchronization to be turned on, while a value of false requests it to be turned off."
    },
    "prototype": "bool sync_with_stdio (bool sync = true);",
    "return_value": "Returns the synchronization state before the call. It always returns true the first time it is called.",
    "type": "public static member function"
}