{
    "name": "constructor",
    "parameters": {
        "filename": "A string representing the name of the file to be opened.\nSpecifics about its format and validity depend on the library implementation and running environment.",
        "mode": "Flags describing the requested input/output mode for the file.\nThis is an object of the bitmask member type openmode that consists of a combination of the following member constants:\nmember constant\tstands for\taccess\nin\tinput\tFile open for reading: the internal stream buffer supports input operations.\nout *\toutput\tFile open for writing: the internal stream buffer supports output operations.\nbinary\tbinary\tOperations are performed in binary mode rather than text.\nate\tat end\tThe output position starts at the end of the file.\napp\tappend\tAll output operations happen at the end of the file, appending to its existing contents.\ntrunc\ttruncate\tAny contents that existed in the file before it is open are discarded.\nThese flags can be combined with the bitwise OR operator (|).\n* out is always set for ofstream objects (even if explicitly not set in argument mode).\nNote that even though ofstream is an output stream, its internal filebuf object may be set to also support input operations.\n\nC++98C++11\nIf the mode has both trunc and app set, the opening operation fails. It also fails if both app and in are set simultaneously.",
        "x": "An ofstream object, whose value is moved."
    },
    "prototype": "ofstream();explicit ofstream (const char* filename, ios_base::openmode mode = ios_base::out);\nexplicit ofstream (const string& filename, ios_base::openmode mode = ios_base::out);ofstream (const ofstream&) = delete;ofstream (ofstream&& x);",
    "type": "public member function"
}