{
    "name": "setf",
    "parameters": {
        "fmtfl": "Format flags to be set. If the second syntax is used, only the bits set in both fmtfl and mask are set in the stream's format flags; the flags set in mask but not in fmtfl are cleared.",
        "mask": "Mask containing the flags to be modified."
    },
    "prototype": "fmtflags setf (fmtflags fmtfl);fmtflags setf (fmtflags fmtfl, fmtflags mask);",
    "return_value": "The format flags selected in the stream before the call.",
    "type": "public member function"
}