{
    "name": "exceptions",
    "parameters": {
        "except": "A bitmask value of member type iostate formed by a combination of error state flag bits to be set (badbit, eofbit and/or failbit), or set to goodbit (or zero)."
    },
    "prototype": "iostate exceptions() const;void exceptions (iostate except);",
    "return_value": "The first form (1) returns a bitmask of member type iostate representing the existing exception mask before the call to this member function.",
    "type": "public member function"
}