{
    "name": "operator>>",
    "parameters": {
        "distr": "Distribution object whose state and parameters are changed.",
        "is": "istream object from which the representation is extracted.\nThe textual representation provided by is shall have been obtained by a previous call to operator<< on an ostream object of the same type with the same locale imbued."
    },
    "prototype": "template <class charT, class traits, class RealType>\n  basic_istream<charT,traits>& operator>> ( basic_istream<charT,traits>& is, \n                           piecewise_constant_distribution<RealType>& distr );",
    "return_value": "The same as parameter is.  A call to this function may set any of the internal state flags of is if:  flag\terror eofbit\tThe end of the source of characters is reached during its operations. failbit\tThe input obtained could not be interpreted as a valid textual representation of an object of this type. In this case, distr preserves the parameters and internal data it had before the call. Notice that some eofbit cases will also set failbit. badbit\tAn error other than the above happened. (see ios_base::iostate for more info on these)  Additionally, in any of these cases, if the appropriate flag has been set with is's member function ios::exceptions, an exception of type ios_base::failure is thrown.",
    "type": "function template"
}