{
    "name": "seed",
    "parameters": {
        "q": "A seed sequence object, such as an object of type seed_seq.\nSseq shall be a seed sequence class, with a generate member function.",
        "val": "A seeding value. This value is passed to the base engine's constructor.\nresult_type is a member type, defined as an alias of the type of elements produced by base."
    },
    "prototype": "void seed();void seed (result_type val);template <class Sseq>\nvoid seed (Sseq& q);",
    "return_value": "Return value None",
    "type": "public member function"
}