{
    "name": "constructor",
    "parameters": {
        "first, last": "Bidirectional iterators to the initial and final positions in the range of characters used as target sequence for the search. The range used is [first,last), which includes all the characters between first and last, including the character pointed by first but not the character pointed by last.\nBidirectionalIterator is the first class template parameter, that shall be bidirectional iterator to characters.",
        "flags": "Flags used to control how rgx is matched.\nOne or more of these constants can be combined (using the bitwise OR operator, |) to form a valid bitmask value of type regex_constants::match_flag_type:\nflag*\teffects on match\tnotes\nmatch_default\tDefault\tDefault matching behavior.\nThis constant has a value of zero**.\nmatch_not_bol\tNot Beginning-Of-Line\tThe first character is not considered a beginning of line (\"^\" does not match).\nmatch_not_eol\tNot End-Of-Line\tThe last character is not considered an end of line (\"$\" does not match).\nmatch_not_bow\tNot Beginning-Of-Word\tThe escape sequence \"\\b\" does not match as a beginning-of-word.\nmatch_not_eow\tNot End-Of-Word\tThe escape sequence \"\\b\" does not match as an end-of-word.\nmatch_any\tAny match\tAny match is acceptable if more than one match is possible.\nmatch_not_null\tNot null\tEmpty sequences do not match.\nmatch_continuous\tContinuous\tThe expression must match a sub-sequence that begins at the first character.\nSub-sequences must begin at the first character to match.\nmatch_prev_avail\tPrevious Available\tOne or more characters exist before the first one. (match_not_bol and match_not_bow are ignored)\nformat_default\tDefault\tSame as match_default.\nThis constant has a value of zero**.\nformat_sed\tNone\tIgnored by this object.\nSee match_constants for more info.\nformat_no_copy\nformat_first_only\n* These bitmask flag names are available under the std::regex_constants namespace (see regex_constants for more details).\n** Constants with a value of zero are ignored if some other flag is set.\nmatch_flag_type is a type available under the std::regex_constants namespace.",
        "rgx": "A basic_regex object (the pattern) to match.\nNote: the iterator does not keep a copy of this object (only a reference), therefore this should not be a temporary value.\nregex_type is a member type, defined as an alias of the basic_regex type corresponding to the class template parameters.",
        "rit": "Another object of the same regex_iterator type (with the same template parameters)."
    },
    "prototype": "regex_iterator();regex_iterator (const regex_iterator& rit);regex_iterator ( BidirectionalIterator first, BidirectionalIterator last,\n        const regex_type& rgx,\n        regex_constants::match_flag_type flags = regex_constants::match_default);regex_iterator ( BidirectionalIterator, BidirectionalIterator,\n        const regex_type&&,\n        regex_constants::match_flag_type = regex_constants::match_default) = delete;",
    "type": "public member function"
}