{
    "name": "transform_primary",
    "parameters": {
        "first, last": "Forward iterators to the initial and final positions in a sequence of characters. The range used is [first,last), which includes all the characters between first and last, including the character pointed by first but not the character pointed by last."
    },
    "prototype": "template <class ForwardIterator>\n  string_type transform_primary (ForwardIterator first, ForwardIterator last) const;",
    "return_value": "Return value The string transformation of the sequence of characters, independent of case. string_type is a member type, alias of its corresponding string type. In regex_traits it is an alias of the basic_string with the same template parameter (e.g., string for regex_traits).",
    "type": "public member function"
}