{
    "name": "isctype",
    "parameters": {
        "c": "A character.\nchar_type is a member type, alias of the character type. In regex_traits it is an alias of its template parameter (charT).",
        "f": "A bitmask value to select character classes.\nchar_class_type is a member type, defined as the bitmask type returned by regex_traits::lookup_classname."
    },
    "prototype": "bool isctype ( char_type c, char_class_type f ) const;",
    "return_value": "Return value true if c belongs to class f, and false otherwise.",
    "type": "public member function"
}