{
    "name": "operator[]",
    "parameters": {
        "n": "Number of elements to offset.\nMember type difference_type is an alias of the base iterator's own difference type."
    },
    "prototype": "/*unspecified*/ operator[] (difference_type n) const;",
    "return_value": "Return value C++98C++11 A reference to the element n positions away from the element currently pointed by the iterator. Member type reference is an alias of the base iterator's own reference type.",
    "type": "public member function"
}