{
    "name": "operator-",
    "parameters": {
        "lhs, rhs": "C++98C++11\nreverse_iterator objects (to the left- and right-hand side of the operator, respectively), having both the same template parameter (Iterator)."
    },
    "prototype": [
        "template <class Iterator1, class Iterator2>\n  auto operator- (const reverse_iterator<Iterator>& lhs,\n                  const reverse_iterator<Iterator>& rhs)\n  -> decltype (rhs.base()-lhs.base()) { return rhs.base()-lhs.base()",
        "}"
    ],
    "return_value": "Return value The number of elements between lhs and rhs.",
    "type": "function template"
}