{
    "name": "upper_bound",
    "parameters": {
        "val": "Value to compare.\nMember type value_type is the type of the elements in the container, defined in set as an alias of its first template parameter (T)."
    },
    "prototype": "iterator upper_bound (const value_type& val);\nconst_iterator upper_bound (const value_type& val) const;",
    "return_value": "Return value An iterator to the the first element in the container which is considered to go after val, or set::end if no elements are considered to go after val.  Member types iterator and const_iterator are bidirectional iterator types pointing to elements.",
    "type": "public member function"
}