{
    "name": "wait_for",
    "parameters": {
        "rel_time": "The time span after which the function returns resuming execution of the calling thread.\nNote that multi-threading management operations may cause certain delays beyond this.\nduration is an object that represents a specific relative time."
    },
    "prototype": "template <class Rep, class Period>\n  future_status wait_for (const chrono::duration<Rep,Period>& rel_time) const;",
    "return_value": "Return value A value of type future_status indicating what caused the function to return: value\tdescription future_status::ready\tThe shared state is ready: the producer has set a value or exception. future_status::timeout\tThe function waited for rel_time without the shared state becoming ready. future_status::deferred\tThe shared state contains a deferred function.",
    "type": "public member function"
}