{
    "name": "relational operators",
    "parameters": {
        "lhs, rhs": "shuffle_order_engine objects of the same type (to the left- and right-hand side of the operator, respectively)."
    },
    "prototype": "template <class Engine, size_t k>\nbool operator== ( const shuffle_order_engine<Engine,k>& lhs,\n                  const shuffle_order_engine<Engine,k>& rhs );template <class Engine, size_t k>\nbool operator!= ( const shuffle_order_engine<Engine,k>& lhs,\n                  const shuffle_order_engine<Engine,k>& rhs );",
    "return_value": "true if they compare equal, and false otherwise.",
    "type": "function template"
}