{
    "name": "overflow",
    "parameters": {
        "c": "Character to be put.\nIf this is the end-of-file value (EOF), no character is put, but the other effects of calling this function are attempted."
    },
    "prototype": "int overflow (int c = EOF);",
    "return_value": "In case of success, the character put is returned, converted to a value of type int_type using member traits_type::to_int_type. Otherwise, it returns the end-of-file value (EOF) either if called with this value as argument c or to signal a failure (some implementations may throw an exception instead).",
    "type": "protected virtual member function"
}