{
    "name": "find_last_of",
    "parameters": {
        "c": "Individual character to be searched for.",
        "n": "Number of character values to search for.",
        "pos": "Position of the last character in the string to be considered in the search.\nAny value greater than, or equal to, the string length (including string::npos) means that the entire string is searched.\nNote: The first character is denoted by a value of 0 (not 1).",
        "s": "Pointer to an array of characters.\nIf argument n is specified (3), the first n characters in the array are searched for.\nOtherwise (2), a null-terminated sequence is expected: the length of the sequence with the characters to match is determined by the first occurrence of a null character.",
        "str": "Another string with the characters to search for."
    },
    "prototype": "size_t find_last_of (const string& str, size_t pos = npos) const noexcept;size_t find_last_of (const char* s, size_t pos = npos) const;size_t find_last_of (const char* s, size_t pos, size_t n) const;size_t find_last_of (char c, size_t pos = npos) const noexcept;",
    "return_value": "The position of the last character that matches. If no matches are found, the function returns string::npos.  size_t is an unsigned integral type (the same as member type string::size_type).",
    "type": "public member function"
}