{
    "name": "constructor",
    "parameters": {
        "c": "Character to fill the string with. Each of the n characters in the string will be initialized to a copy of this value.",
        "first, last": "Input iterators to the initial and final positions in a range. The range used is [first,last), which includes all the characters between first and last, including the character pointed by first but not the character pointed by last.\nThe function template argument InputIterator shall be an input iterator type that points to elements of a type convertible to char.\nIf InputIterator is an integral type, the arguments are casted to the proper types so that signature (5) is used instead.",
        "il": "An initializer_list object.\nThese objects are automatically constructed from initializer list declarators.",
        "len": "Length of the substring to be copied (if the string is shorter, as many characters as possible are copied).\nA value of string::npos indicates all characters until the end of str.",
        "n": "Number of characters to copy.",
        "pos": "Position of the first character in str that is copied to the object as a substring.\nIf this is greater than str's length, it throws out_of_range.\nNote: The first character in str is denoted by a value of 0 (not 1).",
        "s": "Pointer to an array of characters (such as a c-string).",
        "str": "Another string object, whose value is either copied or acquired."
    },
    "prototype": "string();string (const string& str);string (const string& str, size_t pos, size_t len = npos);string (const char* s);string (const char* s, size_t n);string (size_t n, char c);template <class InputIterator>\n  string  (InputIterator first, InputIterator last);string (initializer_list<char> il);string (string&& str) noexcept;",
    "type": "public member function"
}