{
    "name": "substr",
    "parameters": {
        "len": "Number of characters to include in the substring (if the string is shorter, as many characters as possible are used).\nA value of string::npos indicates all characters until the end of the string.",
        "pos": "Position of the first character to be copied as a substring.\nIf this is equal to the string length, the function returns an empty string.\nIf this is greater than the string length, it throws out_of_range.\nNote: The first character is denoted by a value of 0 (not 1)."
    },
    "prototype": "string substr (size_t pos = 0, size_t len = npos) const;",
    "return_value": "A string object with a substring of this object.",
    "type": "public member function"
}