{
    "name": "sputbackc",
    "parameters": {
        "c": "Character to be put back.\nIf this does not match the character at the put back position, the behavior depends on the pbackfail: it may either fail, be ignored, or override the character at that position."
    },
    "prototype": "int sputbackc (char c);",
    "return_value": "The value of the character put back, as a value of type int. The function returns the end-of-file value (EOF) on failure.",
    "type": "public member function"
}