{
    "name": "operator[]",
    "parameters": {
        "pos": "Value with the position of a character within the string.\nNote: The first character in a string is denoted by a value of 0 (not 1).\nsize_t is an unsigned integral type (the same as member type string::size_type)."
    },
    "prototype": "char& operator[] (size_t pos);\nconst char& operator[] (size_t pos) const;",
    "return_value": "Return value The character at the specified position in the string.  If the string object is const-qualified, the function returns a const char&. Otherwise, it returns a char&.",
    "type": "public member function"
}