{
    "name": "operator()",
    "parameters": {
        "g": "A uniform random number generator object, used as the source of randomness.\nURNG shall be a uniform random number generator type, such as one of the standard generator classes.",
        "parm": "An object representing the distribution's parameters, obtained by a call to member function param.\nparam_type is a member type."
    },
    "prototype": "template<class URNG>\nresult_type operator()(URNG& g);template<class URNG>\nresult_type operator()(URNG& g, const param_type& parm);",
    "return_value": "Return value A new random number. result_type is a member type, defined as an alias of the first class template parameter (RealType).",
    "type": "public member function"
}