{
    "name": "constructor",
    "parameters": {
        "q": "A seed sequence object, such as an object of type seed_seq.\nSseq shall be a seed sequence class, with a generate member function.",
        "val": "A seeding value. An entire state sequence is generated from this value using a linear_congruential_engine object.\nresult_type is a member type, defined as an alias of the first class template parameter (UIntType).\ndefault_seed is a member constant, defined as 5489u."
    },
    "prototype": "explicit subtract_with_carry_engine ( result_type val = default_seed );template <class Sseq>\nexplicit subtract_with_carry_engine ( Sseq& q );",
    "type": "public member function"
}