{
    "name": "constructor",
    "parameters": {
        "dtn": "A duration object.\nduration is a member type, defined as the duration type used by the object.",
        "tp": "Another time_point object.\ntime_point is a time_point type that uses the same clock and has a duration type implictly convertible to the one in the newly constructed object."
    },
    "prototype": "time_point();template <class Duration2>\ntime_point (const time_point<clock,Duration2>& tp);explicit time_point (const duration& dtn);",
    "type": "public member function"
}