{
    "name": "erase",
    "parameters": {
        "first, last": "Iterators specifying a range within the basic_string] to be removed: [first,last). i.e., the range includes all the characters between first and last, including the character pointed by first but not the one pointed by last.",
        "len": "Number of characters to erase (if the string is shorter, as many characters as possible are erased).\nA value of basic_string::npos indicates all characters until the end of the string.",
        "p": "Iterator to the character to be removed.",
        "pos": "Position of the first character to be erased.\nIf this is greater than the string length, it throws out_of_range.\nNote: The first character in str is denoted by a value of 0 (not 1)."
    },
    "prototype": "basic_string& erase (size_type pos = 0, size_type len = npos);iterator erase (const_iterator p);iterator erase (const_iterator first, const_iterator last);",
    "return_value": "Return value The sequence version (1) returns *this. The others return an iterator referring to the character that now occupies the position of the first character erased, or basic_string::end if no such character exists.  Member type iterator is a random access iterator type that points to characters of the basic_string.",
    "type": "public member function"
}