{
    "name": "relational operators",
    "parameters": {
        "lhs, rhs": "Arguments to the left- and right-hand side of the operator, respectively.\nIf of type charT*, it shall point to a null-terminated character sequence."
    },
    "prototype": "template <class charT, class traits, class Alloc>\n  bool operator== (const basic_string<charT,traits,Alloc>& lhs,\n                   const basic_string<charT,traits,Alloc>& rhs) noexcept;\ntemplate <class charT, class traits, class Alloc>\n  bool operator== (const charT* lhs, const basic_string<charT,traits,Alloc>& rhs);\ntemplate <class charT, class traits, class Alloc>\n  bool operator== (const basic_string<charT,traits,Alloc>& lhs, const charT* rhs);template <class charT, class traits, class Alloc>\n  bool operator!= (const basic_string<charT,traits,Alloc>& lhs,\n                   const basic_string<charT,traits,Alloc>& rhs) noexcept;\ntemplate <class charT, class traits, class Alloc>\n  bool operator!= (const charT* lhs, const basic_string<charT,traits,Alloc>& rhs);\ntemplate <class charT, class traits, class Alloc>\n  bool operator!= (const basic_string<charT,traits,Alloc>& lhs, const charT* rhs);template <class charT, class traits, class Alloc>\n  bool operator<  (const basic_string<charT,traits,Alloc>& lhs,\n                   const basic_string<charT,traits,Alloc>& rhs) noexcept;\ntemplate <class charT, class traits, class Alloc>\n  bool operator<  (const charT* lhs, const basic_string<charT,traits,Alloc>& rhs);\ntemplate <class charT, class traits, class Alloc>\n  bool operator<  (const basic_string<charT,traits,Alloc>& lhs, const charT* rhs);template <class charT, class traits, class Alloc>\n  bool operator<= (const basic_string<charT,traits,Alloc>& lhs,\n                   const basic_string<charT,traits,Alloc>& rhs) noexcept;\ntemplate <class charT, class traits, class Alloc>\n  bool operator<= (const charT* lhs, const basic_string<charT,traits,Alloc>& rhs);\ntemplate <class charT, class traits, class Alloc>\n  bool operator<= (const basic_string<charT,traits,Alloc>& lhs, const charT* rhs);template <class charT, class traits, class Alloc>\n  bool operator>  (const basic_string<charT,traits,Alloc>& lhs,\n                   const basic_string<charT,traits,Alloc>& rhs) noexcept;\ntemplate <class charT, class traits, class Alloc>\n  bool operator>  (const charT* lhs, const basic_string<charT,traits,Alloc>& rhs);\ntemplate <class charT, class traits, class Alloc>\n  bool operator>  (const basic_string<charT,traits,Alloc>& lhs, const charT* rhs);template <class charT, class traits, class Alloc>\n  bool operator>= (const basic_string<charT,traits,Alloc>& lhs,\n                   const basic_string<charT,traits,Alloc>& rhs) noexcept;\ntemplate <class charT, class traits, class Alloc>\n  bool operator>= (const charT* lhs, const basic_string<charT,traits,Alloc>& rhs);\ntemplate <class charT, class traits, class Alloc>\n  bool operator>= (const basic_string<charT,traits,Alloc>& lhs, const charT* rhs);",
    "return_value": "true if the condition holds, and false otherwise.",
    "type": "function template"
}