{
    "name": "assign",
    "parameters": {
        "c": "Character value, repeated n times.",
        "first, last": "Input iterators to the initial and final positions in a range. The range used is [first,last), which includes all the characters between first and last, including the character pointed by first but not the character pointed by last.\nThe function template argument InputIterator shall be an input iterator type that points to elements of a type convertible to charT.\nIf InputIterator is an integral type, the arguments are casted to the proper types so that signature (5) is used instead.",
        "il": "An initializer_list object.\nThese objects are automatically constructed from initializer list declarators.",
        "n": "Number of characters to copy.",
        "s": "Pointer to an array of characters (such as a c-string).",
        "str": "Another basic_string object of the same type (with the same class template arguments charT, traits and Alloc), whose value is either copied or moved.",
        "sublen": "Length of the substring to be copied (if the string is shorter, as many characters as possible are copied).\nA value of basic_string::npos indicates all characters until the end of str.",
        "subpos": "Position of the first character in str that is copied to the object as a substring.\nIf this is greater than str's length, it throws out_of_range.\nNote: The first character in str is denoted by a value of 0 (not 1)."
    },
    "prototype": "basic_string& assign (const basic_string& str);basic_string& assign (const basic_string& str, size_type subpos, size_type sublen = npos);basic_string& assign (const charT* s);basic_string& assign (const charT* s, size_type n);basic_string& assign (size_type n, charT c);template <class InputIterator>\n   basic_string& assign (InputIterator first, InputIterator last);basic_string& assign (initializer_list<charT> il);basic_string& assign (basic_string&& str) noexcept;",
    "return_value": "*this",
    "type": "public member function"
}