{
    "name": "find",
    "parameters": {
        "c": "Individual character to be searched for.",
        "n": "Length of sequence of characters to match.",
        "pos": "Position of the first character in the string to be considered in the search.\nIf this is greater than the string length, the function never finds matches.\nNote: The first character is denoted by a value of 0 (not 1): A value of 0 means that the entire string is searched.",
        "s": "Pointer to an array of characters.\nIf argument n is specified (3), the sequence to match are the first n characters in the array.\nOtherwise (2), a null-terminated sequence is expected: the length of the sequence to match is determined by the first occurrence of a null character.",
        "str": "Another basic_string with the subject to search for."
    },
    "prototype": "size_type find (const basic_string& str, size_type pos = 0) const noexcept;size_type find (const charT* s, size_type pos = 0) const;size_type find (const charT* s, size_type pos, size_type n) const;size_type find (charT c, size_type pos = 0) const noexcept;",
    "return_value": "The position of the first character of the first match. If no matches were found, the function returns basic_string::npos.  Member type size_type is an unsigned integral type.",
    "type": "public member function"
}