{
    "name": "reset",
    "parameters": {
        "p": "Pointer whose ownership is taken over by the object.\nGenerally, this pointer should not be already managed by any other managed pointer (i.e., this value should not come from calling member get on a managed pointer).\npointer is a member type, defined as the pointer type that points to the type of object managed."
    },
    "prototype": "void reset (pointer p = pointer()) noexcept;",
    "return_value": "Return value none",
    "type": "public member function"
}