{
    "name": "swap (unordered_multiset)",
    "parameters": {
        "lhs,rhs": "unordered_multiset containers (to the left- and right-hand side of the operator, respectively), having both the same template parameters (Key, Hash, Pred and Alloc)."
    },
    "prototype": "template <class Key, class Hash, class Pred, class Alloc>\n  void swap ( unordered_multiset<Key,Hash,Pred,Alloc>& lhs,\n              unordered_multiset<Key,Hash,Pred,Alloc>& rhs );",
    "return_value": "Return value none",
    "type": "function template"
}