{
    "name": "emplace",
    "parameters": {
        "args": "C++11C++14\nArguments used to construct a new object of the mapped type for the inserted element."
    },
    "prototype": "template <class... Args>\npair<iterator, bool> emplace ( Args&&... args );",
    "return_value": "Return value If the insertion takes place (because no other element existed with the same key), the function returns a pair object, whose first component is an iterator to the inserted element, and whose second component is true.  Otherwise, the pair object returned has as first component an iterator pointing to the element in the container with the same key, and false as its second component.  Member type iterator is a forward iterator type.  The storage for the new element is allocated using allocator_traits::construct(), which may throw exceptions on failure (for the default allocator, bad_alloc is thrown if the allocation request does not succeed).",
    "type": "public member function"
}