{
    "name": "constructor",
    "parameters": {
        "alloc": "Allocator object to be used instead of constructing a new one.\nFor class instantiations using their version of the default allocator class template, this parameter is not relevant.\nMember type allocator_type is defined in unordered_set as an alias of its fourth template parameter (Alloc).",
        "eql": "Comparison function object, that returns true if the two container object keys passed as arguments are to be considered equal.\nMember type key_equal is defined in unordered_set as an alias of its third template parameter (Pred).",
        "first, last": "Input iterators to the initial and final positions in a range. The range used is [first,last), which includes all the elements between first and last, including the element pointed by first but not the element pointed by last.\nThe function template type can be any type of input iterator.",
        "hf": "Hasher function object. A hasher is a function that returns an integral value based on the container object key passed to it as argument.\nMember type hasher is defined in unordered_set as an alias of its second template parameter (Hash).",
        "il": "An initializer_list object.\nThese objects are automatically constructed from initializer list declarators.\nMember type value_type is the type of the elements in the container, defined in unordered_set as an alias of the first template parameter (Key).",
        "n": "Minimum number of initial buckets.\nThis is not the number of elements in the container, but the minimum number of slots desired for the internal hash table on construction.\nIf this argument is not specified, the constructor determines this automatically (in a way that depends on the particular library implementation).\nMember type size_type is an unsigned integral type.",
        "ust": "Another unordered_set object of the same type (with the same class template arguments), whose contents are either copied or moved."
    },
    "prototype": "unordered_set();\nexplicit unordered_set ( size_type n,\n                         const hasher& hf = hasher(),\n                         const key_equal& eql = key_equal(),\n                         const allocator_type& alloc = allocator_type() );\nexplicit unordered_set ( const allocator_type& alloc );\n         unordered_set ( size_type n, const allocator_type& alloc );\n         unordered_set ( size_type n, const hasher& hf, const allocator_type& alloc );template <class InputIterator>\n  unordered_set ( InputIterator first, InputIterator last,\n                  size_type n = /* see below */,\n                  const hasher& hf = hasher(),\n                  const key_equal& eql = key_equal(),\n                  const allocator_type& alloc = allocator_type() );\ntemplate <class InputIterator>\n  unordered_set ( InputIterator first, InputIterator last, size_type n,\n                  const allocator_type& alloc );\ntemplate <class InputIterator>\n  unordered_set ( InputIterator first, InputIterator last, size_type n,\n                  const hasher& hf, const allocator_type& alloc );unordered_set ( const unordered_set& ust );\nunordered_set ( const unordered_set& ust, const allocator_type& alloc );unordered_set ( unordered_set&& ust );\nunordered_set ( unordered_set&& ust, const allocator_type& alloc );unordered_set ( initializer_list<value_type> il,\n                size_type n = /* see below */,\n                const hasher& hf = hasher(),\n                const key_equal& eql = key_equal(),\n                const allocator_type& alloc = allocator_type() );\nunordered_set ( initializer_list<value_type> il, size_type n,\n                const allocator_type& alloc );\nunordered_set ( initializer_list<value_type> il, size_type n,\n                const hasher& hf, const allocator_type& alloc );",
    "type": "public member function"
}