{
    "name": "bucket",
    "parameters": {
        "k": "Key whose bucket is to be located.\nMember type key_type is the type of the keys for the elements in the container, defined in unordered_map as an alias of its first template parameter (Key)."
    },
    "prototype": "size_type bucket ( const key_type& k ) const;",
    "return_value": "Return value The order number of the bucket corresponding to k.  Member type size_type is an unsigned integral type.",
    "type": "public member function"
}