{
    "name": "operator=",
    "parameters": {
        "il": "An initializer_list object. The compiler will automatically construct such objects from initializer list declarators.\nMember type value_type is the type of the elements contained in the unordered_multimap, which is pair, where member type key_type is an alias of the first template parameter (the key type), and mapped_type is an alias of the second template parameter (the mapped type, T).",
        "umm": "An unordered_multimap object of the same type (i.e., with the same template parameters)."
    },
    "prototype": "unordered_multimap& operator= ( const unordered_multimap& umm );unordered_multimap& operator= ( unordered_multimap&& umm );unordered_multimap& operator= ( intitializer_list<value_type> il );",
    "return_value": "Return value *this",
    "type": "public member function"
}