{
    "name": "assign",
    "parameters": {
        "first, last": "Input iterators to the initial and final positions in a sequence. The range used is [first,last), which includes all the elements between first and last, including the element pointed by first but not the element pointed by last.\nThe function template argument InputIterator shall be an input iterator type that points to elements of a type from which value_type objects can be constructed.",
        "il": "An initializer_list object. The compiler will automatically construct such objects from initializer list declarators.\nMember type value_type is the type of the elements in the container, defined in vector as an alias of its first template parameter (T).",
        "n": "New size for the container.\nMember type size_type is an unsigned integral type.",
        "val": "Value to fill the container with. Each of the n elements in the container will be initialized to a copy of this value.\nMember type value_type is the type of the elements in the container, defined in vector as an alias of its first template parameter (T)."
    },
    "prototype": "template <class InputIterator>\n  void assign (InputIterator first, InputIterator last);void assign (size_type n, const value_type& val);void assign (initializer_list<value_type> il);",
    "return_value": "Return value none",
    "type": "public member function"
}