{
    "name": "constructor",
    "parameters": {
        "alloc": "Allocator object.\nThe container keeps and uses an internal copy of this allocator.\nMember type allocator_type is the internal allocator type used by the container, defined in vector as an alias of its second template parameter (Alloc).\nIf allocator_type is an instantiation of the default allocator (which has no state), this is not relevant.",
        "first, last": "Input iterators to the initial and final positions in a range. The range used is [first,last), which includes all the elements between first and last, including the element pointed by first but not the element pointed by last.\nThe function template argument InputIterator shall be an input iterator type that points to elements of a type from which value_type objects can be constructed.",
        "il": "An initializer_list object.\nThese objects are automatically constructed from initializer list declarators.\nMember type value_type is the type of the elements in the container, defined in vector as an alias of its first template parameter (T).",
        "n": "Initial container size (i.e., the number of elements in the container at construction).\nMember type size_type is an unsigned integral type.",
        "val": "Value to fill the container with. Each of the n elements in the container will be initialized to a copy of this value.\nMember type value_type is the type of the elements in the container, defined in vector as an alias of its first template parameter (T).",
        "x": "Another vector object of the same type (with the same class template arguments T and Alloc), whose contents are either copied or acquired."
    },
    "prototype": "vector();\nexplicit vector (const allocator_type& alloc);explicit vector (size_type n, const allocator_type& alloc = allocator_type());\n         vector (size_type n, const value_type& val,\n                 const allocator_type& alloc = allocator_type());template <class InputIterator>\n  vector (InputIterator first, InputIterator last,\n          const allocator_type& alloc = allocator_type());vector (const vector& x);\nvector (const vector& x, const allocator_type& alloc);vector (vector&& x);\nvector (vector&& x, const allocator_type& alloc);vector (initializer_list<value_type> il,\n       const allocator_type& alloc = allocator_type());",
    "type": "public member function"
}