{
    "name": "seekoff",
    "parameters": {
        "off": "Offset value, relative to the way parameter.\nIf the stream uses a variable-width or state-dependent encoding, off shall be zero (otherwise, the function fails).\nMember type off_type is determined by the character traits: generally, it is an alias of the signed integral type streamoff.",
        "way": "Object of type ios_base::seekdir, indicating the origin from which the offset is applied. It may take any of the following constant values: \nvalue\toffset is relative to...\nios_base::beg\tbeginning of the file\nios_base::cur\tcurrent position of either the input position or the output position, depending on argument which.\nios_base::end\tend of the file",
        "which": "Determines which of the internal position pointers is affected: the input position, the output position, or both. It is an object of type ios_base::openmode that, for this function, may take any combination of the following significant constant values:\nvalue\tposition pointer affected\nios_base::in\tModifies the input position, and its corresponding get pointer (gptr)\nios_base::out\tModifies the output position and its corresponding put pointer (pptr)\nBoth positions may be selected simultaneously, but if both are selected when way is ios_base::cur, the function fails."
    },
    "prototype": "pos_type seekoff (off_type off, ios_base::seekdir way,\n                  ios_base::openmode which = ios_base::in | ios_base::out);",
    "return_value": "On success, it returns the new absolute position the internal position pointer points to after the call, if representable as a value of member type pos_type. On failure, or if the above is not possible, the function returns pos_type(off_type(-1)). Member type pos_type is determined by the character traits: generally, it is an fpos type (such as streampos) that can be converted to/from integral types.",
    "type": "protected virtual member function"
}