{
    "name": "put",
    "parameters": {
        "c": "Character to write.\nMember type char_type is the type of characters used by the stream (i.e., its first class template parameter, charT)."
    },
    "prototype": "basic_ostream& put (char_type c);",
    "return_value": "The basic_ostream object (*this).  Errors are signaled by modifying the internal state flags: flag\terror eofbit\t- failbit\tMay be set if the construction of sentry failed. badbit\tEither the insertion on the stream failed, or some other error happened (such as when this function catches an exception thrown by an internal operation). When set, the integrity of the stream may have been affected. Multiple flags may be set by a single operation.  If the operation sets an internal state flag that was registered with member exceptions, the function throws an exception of member type failure.",
    "type": "public member function"
}