{
    "name": "operator>>",
    "parameters": {
        "pf": "A function that takes and returns a stream object. It generally is a manipulator function.\nThe standard manipulators which have an effect when used on standard basic_istream objects are:\nmanipulator\tEffect\nws\tExtracts whitespaces.\nboolalpha/noboolalpha\tActivates/deactivates the extraction of alphanumerical representations of values of type bool.\nskipws/noskipws\tActivates/deactivates whether leading whitespaces are discarded before formatted input operations.\ndec/hex/oct\tSets that base used to interpret integral numerical values.\n\nThe following extended manipulators can also be applied to basic_istream objects (these take additional arguments and require the explicit inclusion of the  header):\nmanipulator\tEffect\nsetbase\tSets the numerical base used to interpret integral numerical values.\nsetiosflags/resetiosflags\tSet/reset format flags.",
        "sb": "Pointer to a basic_streambuf object on whose controlled output sequence the characters are copied.",
        "val": "Object where the value that the extracted characters represent is stored.\nNotice that the type of this argument (along with the stream's format flags) influences what constitutes a valid representation."
    },
    "prototype": "basic_istream& operator>> (bool& val);\nbasic_istream& operator>> (short& val);\nbasic_istream& operator>> (unsigned short& val);\nbasic_istream& operator>> (int& val);\nbasic_istream& operator>> (unsigned int& val);\nbasic_istream& operator>> (long& val);\nbasic_istream& operator>> (unsigned long& val);\nbasic_istream& operator>> (long long& val);\nbasic_istream& operator>> (unsigned long long& val);\nbasic_istream& operator>> (float& val);\nbasic_istream& operator>> (double& val);\nbasic_istream& operator>> (long double& val);\nbasic_istream& operator>> (void*& val);basic_istream& operator>> (basic_streambuf<char_type,traits_type>* sb );basic_istream& operator>> (basic_istream& (*pf)(basic_istream&));\nbasic_istream& operator>> (\n  basic_ios<char_type,traits_type>& (*pf)(basic_ios<char_type,traits_type>&));\nbasic_istream& operator>> (ios_base& (*pf)(ios_base&));",
    "return_value": "The basic_istream object (*this).  The extracted value or sequence is not returned, but directly stored in the variable passed as argument.  Errors are signaled by modifying the internal state flags, except for (3), that never sets any flags (but the particular manipulator applied may): flag\terror eofbit\tThe input sequence has no more characters available (end-of-file reached). failbit\tEither no characters were extracted, or the characters extracted could not be interpreted as a valid value of the appropriate type. For (2), it is set when no characters are inserted in the object pointed by sb, or when sb is a null pointer. badbit\tError on stream (such as when this function catches an exception thrown by an internal operation). When set, the integrity of the stream may have been affected. Multiple flags may be set by a single operation.  If the operation sets an internal state flag that was registered with member exceptions, the function throws an exception of member type failure.",
    "type": "public member function"
}