{
    "name": "sync",
    "parameters": {},
    "prototype": "int sync();",
    "return_value": "If the function fails, either because no stream buffer object is associated to the stream (rdbuf is null), or because the call to its pubsync member fails, it returns -1. Otherwise, it returns zero, indicating success.  Errors are signaled by modifying the internal state flags: flag\terror eofbit\t- failbit\tThe construction of sentry failed (such as when the stream state was not good before the call). badbit\tEither the internal call to pubsync returned -1, or some other error occurred on the stream (such as when the function catches an exception thrown by an internal operation). When set, the integrity of the stream may have been affected. Multiple flags may be set by a single operation.  If the operation sets an internal state flag that was registered with member exceptions, the function throws an exception of member type failure.",
    "type": "public member function"
}