{
    "name": "iword",
    "parameters": {
        "idx": "An index value for an element of the internal extensible array.\nSome implementations expect idx to be a value previously returned by member xalloc."
    },
    "prototype": "long& iword (int idx);",
    "return_value": "A reference to the element in the internal extensible array whose index is idx. This value is returned as a reference to an object of type long. On failure, a valid long& initialized to 0L is returned, and (if the stream object inherits from basic_ios) the badbit state flag is set.",
    "type": "public member function"
}