{
    "name": "setstate",
    "parameters": {
        "state": "An object of type ios_base::iostate that can take as value any combination of the following member constants:\n\niostate value\n(member constants)\tindicates\tfunctions to check state flags\ngood()\teof()\tfail()\tbad()\trdstate()\ngoodbit\tNo errors (zero value iostate)\ttrue\tfalse\tfalse\tfalse\tgoodbit\neofbit\tEnd-of-File reached on input operation\tfalse\ttrue\tfalse\tfalse\teofbit\nfailbit\tLogical error on i/o operation\tfalse\tfalse\ttrue\tfalse\tfailbit\nbadbit\tRead/writing error on i/o operation\tfalse\tfalse\ttrue\ttrue\tbadbit\neofbit, failbit and badbit are member constants with implementation-defined values that can be combined (as if with the bitwise OR operator).\ngoodbit is zero, indicating that none of the other bits is set."
    },
    "prototype": "void setstate (iostate state);",
    "return_value": "none",
    "type": "public member function"
}