{
    "name": "putback",
    "parameters": {
        "c": "Character to be put back.\nIf this does not match the character at the put back position, the behavior depends on the particular stream buffer object associated to the stream:\nIn string buffers, the value is overwritten for output stream buffers, but the function fails on input buffers.\nOther types of stream buffer may either fail, be ignored, or overwrite the character at that position.\nMember type char_type is the type of characters used by the stream (i.e., its first class template parameter, charT)."
    },
    "prototype": "basic_istream& putback (char_type c);",
    "return_value": "The basic_istream object (*this).  Errors are signaled by modifying the internal state flags: flag\terror eofbit\t- failbit\tThe construction of sentry failed (such as when the stream state was not good before the call). badbit\tEither the internal call to sputbackc failed, or another error occurred on the stream (such as when the function catches an exception thrown by an internal operation, or when no stream buffer is associated with the stream). When set, the integrity of the stream may have been affected. Multiple flags may be set by a single operation.  If the operation sets an internal state flag that was registered with member exceptions, the function throws an exception of member type failure.",
    "type": "public member function"
}