{
    "name": "replace",
    "parameters": {
        "c": "Character value, repeated n times.",
        "first, last": "Input iterators to the initial and final positions in a range. The range used is [first,last), which includes all the characters between first and last, including the character pointed by first but not the character pointed by last.\nThe function template argument InputIterator shall be an input iterator type that points to elements of a type convertible to charT.",
        "il": "An initializer_list object.\nThese objects are automatically constructed from initializer list declarators.",
        "len": "Number of characters to replace (if the string is shorter, as many characters as possible are replaced).\nA value of basic_string::npos indicates all characters until the end of the string.",
        "n": "Number of characters to copy.",
        "pos": "Position of the first character to be replaced.\nIf this is greater than the string length, it throws out_of_range.",
        "s": "Pointer to an array of characters (such as a c-string).",
        "str": "Another basic_string object of the same type (with the same class template arguments charT, traits and Alloc), whose value is copied.",
        "sublen": "Length of the substring to be copied (if the string is shorter, as many characters as possible are copied).\nA value of basic_string::npos indicates all characters until the end of str.",
        "subpos": "Position of the first character in str that is copied to the object as replacement.\nIf this is greater than str's length, it throws out_of_range."
    },
    "prototype": "basic_string& replace (size_type pos,     size_type len,     const basic_string& str);\nbasic_string& replace (const_iterator i1, const_iterator i2, const basic_string& str);basic_string& replace (size_type pos, size_type len, const basic_string& str,\n                       size_type subpos, size_type sublen = npos);basic_string& replace (size_type pos,     size_type len,     const charT* s);\nbasic_string& replace (const_iterator i1, const_iterator i2, const charT* s);basic_string& replace (size_type pos,     size_type len,     const charT* s, size_type n);\nbasic_string& replace (const_iterator i1, const_iterator i2, const charT* s, size_type n);basic_string& replace (size_type pos,     size_type len,     size_type n, charT c);\nbasic_string& replace (const_iterator i1, const_iterator i2, size_type n, charT c);template <class InputIterator>\n  basic_string& replace (const_iterator i1, const_iterator i2,\n                       InputIterator first, InputIterator last);basic_string& replace (const_iterator i1, const_iterator i2, initializer_list<charT> il);",
    "return_value": "*this",
    "type": "public member function"
}