{
    "name": "sgetc",
    "parameters": {},
    "prototype": "int_type sgetc();",
    "return_value": "The character at the current position of the controlled input sequence, converted to a value of type int_type using member traits_type::to_int_type. If there are no more characters to read from the controlled input sequence, the function returns the end-of-file value (traits_type::eof()). Member type int_type is an integral type able to represent any character value or the special end-of-file value.",
    "type": "public member function"
}