{
    "name": "get",
    "parameters": {
        "c": "The reference to a character where the extracted value is stored.",
        "delim": "Explicit delimiting character: The operation of extracting successive characters stops as soon as the next character to extract compares equal to this (using traits_type::eq).",
        "n": "Maximum number of characters to write to s (including the terminating null character).\nIf this is less than 2, the function does not extract any characters and sets failbit.\nstreamsize is a signed integral type.",
        "s": "Pointer to an array of characters where extracted characters are stored as a c-string.\nIf the function does not extract any characters (or if the first character extracted is the delimiter character) and n is greater than zero, this is set to an empty c-string.",
        "sb": "A basic_streambuf object on whose controlled output sequence the characters are copied."
    },
    "prototype": "int_type get();\nbasic_istream& get (char_type& c);basic_istream& get (char_type* s, streamsize n);\nbasic_istream& get (char_type* s, streamsize n, char_type delim);basic_istream& get (basic_streambuf<char_type,traits_type>& sb);\nbasic_istream& get (basic_streambuf<char_type,traits_type>& sb, char_type delim);",
    "return_value": "The first signature returns the character read, or the end-of-file value (traits_type::eof()) if no characters are available in the stream (note that in this case, the failbit flag is also set).  Member type int_type is an integral type able to represent any character value or the special end-of-file value.  All other signatures always return *this. Note that this return value can be checked for the state of the stream (see casting a stream to bool for more info).  Errors are signaled by modifying the internal state flags: flag\terror eofbit\tThe function stopped extracting characters because the input sequence has no more characters available (end-of-file reached). failbit\tEither no characters were written or an empty c-string was stored in s. badbit\tError on stream (such as when this function catches an exception thrown by an internal operation). When set, the integrity of the stream may have been affected. Multiple flags may be set by a single operation.  If the operation sets an internal state flag that was registered with member exceptions, the function throws an exception of member type failure.",
    "type": "public member function"
}