{
    "name": "sputbackc",
    "parameters": {
        "c": "Character to be put back.\nIf this does not match the character at the put back position, the behavior depends on the pbackfail: it may either fail, be ignored, or override the character at that position.\nMember type char_type is the type of the characters in the stream buffer (the first class template parameter)."
    },
    "prototype": "int_type sputbackc (char_type c);",
    "return_value": "The value of the character put back, converted to a value of type int_type using member traits_type::to_int_type. The function returns the end-of-file value (traits_type::eof()) on failure. Member type int_type is an integral type able to represent any character value or the special end-of-file value.",
    "type": "public member function"
}