{
    "name": "setp",
    "parameters": {
        "new_epptr": "New value for the end pointer, just past the end of the accessible part of the controlled output sequence (epptr).\nThis shall point to a character in the same array as new_pbase.",
        "new_pbase": "New value for the pointer to the beginning of the accessible part of the controlled output sequence (pbase).\nThe put pointer (pptr) is also set to this value."
    },
    "prototype": "void setp (char_type* new_pbase, char_type* new_epptr);",
    "return_value": "none",
    "type": "protected member function"
}