{
    "name": "at",
    "parameters": {
        "pos": "Value with the position of a character within the string.\nNote: The first character in a basic_string is denoted by a value of 0 (not 1).\nIf it is not the position of a character, an out_of_range exception is thrown.\nMember type size_type is an unsigned integral type."
    },
    "prototype": "reference at (size_type pos);\nconst_reference at (size_type pos) const;",
    "return_value": "Return value The character at the specified position in the string.  If the basic_string object is const-qualified, the function returns a const_reference. Otherwise, it returns a reference.  Member types reference and const_reference are the reference types to the characters in the container; They shall be aliases of charT& and const charT& respectively.",
    "type": "public member function"
}