{
    "name": "sputc",
    "parameters": {
        "c": "Character to be put.\nMember type char_type is the type of the characters in the stream buffer (the first class template parameter)."
    },
    "prototype": "int_type sputc (char_type c);",
    "return_value": "In case of success, the character put is returned, converted to a value of type int_type using member traits_type::to_int_type. Otherwise, it returns the end-of-file value (traits_type::eof()) to signal a failure. Member type int_type is an integral type able to represent any character value or the special end-of-file value.",
    "type": "public member function"
}